pattern_id,route_short_name,direction_label,traffic_delay_seconds,traffic_jam_factor,matched_flow_segments,observation_count,first_observed_at,last_observed_at
00541fb6c9d8e4e8,N45,Münchner Freiheit -> Ostbahnhof,113.27491566885135,2.1743908942909163,38.91208791208791,91,2026-09-12 20:17:42.314278+00:00,2026-09-27 13:47:17.297873+00:00
00a20f49cda6ec84,160,Allach -> Pasing Bf. Nord,26.284826660444192,0.5640457602890625,4.0,91,2026-09-12 20:17:42.314278+00:00,2026-09-27 13:47:17.297873+00:00
01f218f9a2e33b2a,173,Petuelring -> Feldmoching,70.88391281488066,1.2333951754426304,6.1208791208791204,91,2026-09-12 20:17:42.314278+00:00,2026-09-27 13:47:17.297873+00:00
0240e5ca54a79267,139,Giesing -> Klinikum Harlaching,57.20871609735752,1.0590581389308162,8.021978021978022,91,2026-09-12 20:17:42.314278+00:00,2026-09-27 13:47:17.297873+00:00
0265e55e1be0e941,N45,Waldperlach (Süd) -> Silberhorn-/Ichostraße,52.07998161089237,1.0537497849446393,16.0,91,2026-09-12 20:17:42.314278+00:00,2026-09-27 13:47:17.297873+00:00
02e9a4e9cee7cf77,62,Rotkreuzplatz -> Poccistraße,92.3209779428105,1.8095975144327106,15.0,91,2026-09-12 20:17:42.314278+00:00,2026-09-27 13:47:17.297873+00:00
04a144c706687f31,58,Hauptbahnhof Nord -> Hauptbahnhof Nord,111.59837902821711,1.8859677756047497,36.53846153846154,91,2026-09-12 20:17:42.314278+00:00,2026-09-27 13:47:17.297873+00:00
04db97ae4eea5b5f,190,Ostbahnhof Friedenstraße -> Messestadt Ost,23.719517401995475,0.8223745489644538,24.13186813186813,91,2026-09-12 20:17:42.314278+00:00,2026-09-27 13:47:17.297873+00:00
053dabd90bcbd7df,166,Kemptener Straße -> Forst-Kasten-Allee,574.2743470932954,8.133333333333333,1.0,3,2026-09-13 16:01:42.666139+00:00,2026-09-16 14:46:00.678839+00:00
05c313f1adf5ec18,160,Dachstraße -> Otto-Warburg-Straße,31.67825674937769,0.36832201430037953,3.0,91,2026-09-12 20:17:42.314278+00:00,2026-09-27 13:47:17.297873+00:00
06d5b7d136782ce2,N80,Pasing -> Pasing,175.23235736967894,1.0842344795486143,13.076923076923077,91,2026-09-12 20:17:42.314278+00:00,2026-09-27 13:47:17.297873+00:00
078c743e5b4c8204,50,Frankfurter Ring -> Dessauerstraße,105.48699514801274,1.8209957303754905,7.0,91,2026-09-12 20:17:42.314278+00:00,2026-09-27 13:47:17.297873+00:00
096897931e800b75,139,Messestadt West -> Giesing,35.33856398156774,0.6745669791938312,8.0,91,2026-09-12 20:17:42.314278+00:00,2026-09-27 13:47:17.297873+00:00
0aefa572cb9814b3,139,Klinikum Harlaching -> Neuperlach Zentrum,68.91167375369436,1.3663882948968546,12.0,91,2026-09-12 20:17:42.314278+00:00,2026-09-27 13:47:17.297873+00:00
0af5c920bbee794b,198,Klara-Ziegler-Bogen -> Neuperlach Zentrum,15.274917475533893,0.7747140103273644,2.0,91,2026-09-12 20:17:42.314278+00:00,2026-09-27 13:47:17.297873+00:00
0c31528360063fdb,62,Rotkreuzplatz -> Ostbahnhof,208.43407221528432,4.038646953925515,1.7802197802197801,91,2026-09-12 20:17:42.314278+00:00,2026-09-27 13:47:17.297873+00:00
0c35f3066f0baff2,197,Neuperlach Zentrum -> Neuperlach Zentrum,43.03559644812665,0.9128542996365877,4.0,91,2026-09-12 20:17:42.314278+00:00,2026-09-27 13:47:17.297873+00:00
0d1ca558c52d0e9e,150,Arabellapark Nord -> Bremer Straße,70.78359074139955,1.3005134775157974,16.36263736263736,91,2026-09-12 20:17:42.314278+00:00,2026-09-27 13:47:17.297873+00:00
0ec8db5997712ff7,188,Daglfing Bahnhof West -> St. Emmeram,487.3534245815241,8.1,2.0,1,2026-09-15 09:57:36.710060+00:00,2026-09-15 09:57:36.710060+00:00
0ecd5cb5c536005f,56,Fürstenried West -> Blumenau,345.371536236849,7.776916611345769,1.1333333333333333,15,2026-09-14 16:55:20.198039+00:00,2026-09-26 17:01:53.799097+00:00
0f35a5c431122cda,187,Rümelinstraße -> Berg am Laim,25.751765133950947,0.654945054945055,1.0,91,2026-09-12 20:17:42.314278+00:00,2026-09-27 13:47:17.297873+00:00
0febbc99dbfb1eba,N74,Vogelweideplatz -> Ostbahnhof,99.82721006336676,2.0775488160411193,3.010989010989011,91,2026-09-12 20:17:42.314278+00:00,2026-09-27 13:47:17.297873+00:00
10252317d09e18fb,63,Stäblistraße -> Heimeranplatz,74.10102295470004,1.4146854525861727,6.34065934065934,91,2026-09-12 20:17:42.314278+00:00,2026-09-27 13:47:17.297873+00:00
10611f9ffb4d0a25,181,Fröttmaning Auensiedlung -> Studentenstadt,32.23649617499764,0.6534282377102003,8.153846153846153,91,2026-09-12 20:17:42.314278+00:00,2026-09-27 13:47:17.297873+00:00
10c41159b9a0c9e7,160,Allach -> Dachstraße,23.237415871616328,0.8491520119948858,1.021978021978022,91,2026-09-12 20:17:42.314278+00:00,2026-09-27 13:47:17.297873+00:00
139e964170d9c37c,53,Donnersbergerbrücke -> Münchner Freiheit,116.6447053092622,1.709532819100963,21.263736263736263,91,2026-09-12 20:17:42.314278+00:00,2026-09-27 13:47:17.297873+00:00
158e3662a8814918,175,Olympia-Einkaufszentrum -> Ludwigsfeld (Campingplatz),754.8685405040052,8.133333333333333,1.3333333333333333,6,2026-09-15 14:48:49.620076+00:00,2026-09-24 13:28:05.777001+00:00
16c6b4a35ff6342d,183,Arabellapark -> Messestadt West,536.412168209956,8.1,1.0,1,2026-09-16 09:48:18.028731+00:00,2026-09-16 09:48:18.028731+00:00
17417fdbf59b2547,N45,Münchner Freiheit -> Waldperlach (Süd),45.77237437592432,1.2664198760311725,18.21978021978022,91,2026-09-12 20:17:42.314278+00:00,2026-09-27 13:47:17.297873+00:00
1880a89eb5f18049,139,Klinikum Harlaching -> Messestadt West,58.978990045171294,0.8948797147476989,8.076923076923077,91,2026-09-12 20:17:42.314278+00:00,2026-09-27 13:47:17.297873+00:00
19737af9a38e7e65,193,Von-Erckert-Straße -> Trudering,275.43828500278164,8.05,1.0,2,2026-09-14 16:55:20.198039+00:00,2026-09-25 13:33:11.456784+00:00
19754d0cc10bb074,143,Amalienburgstraße -> Freiham Bf. (Süd),59.32573797131639,1.4728343974370592,2.021978021978022,91,2026-09-12 20:17:42.314278+00:00,2026-09-27 13:47:17.297873+00:00
1b7cb12342883571,143,"Freiham, Möbel Höffner -> Olympia-Einkaufszentrum",90.00248671127476,1.3265844927341517,7.021978021978022,91,2026-09-12 20:17:42.314278+00:00,2026-09-27 13:47:17.297873+00:00
1f9a39ab31940d4c,50,Dessauerstraße -> Johanneskirchen,80.25991136883376,1.2707584620551564,10.043956043956044,91,2026-09-12 20:17:42.314278+00:00,2026-09-27 13:47:17.297873+00:00
1fe1348e52508293,53,Aidenbachstraße -> Münchner Freiheit,60.89535965542689,1.5915241904849908,6.21978021978022,91,2026-09-12 20:17:42.314278+00:00,2026-09-27 13:47:17.297873+00:00
2076e5cdc3187eff,62,Sendlinger Tor -> Rotkreuzplatz,113.23107040762586,1.703161784728098,9.945054945054945,91,2026-09-12 20:17:42.314278+00:00,2026-09-27 13:47:17.297873+00:00
21b3f43561f7acff,189,St. Emmeram -> Daglfing Bahnhof West,299.75907448156687,8.4,1.0,1,2026-09-23 05:45:41.925646+00:00,2026-09-23 05:45:41.925646+00:00
228c1ac15574a796,190,Messestadt Ost -> Riem,31.423843885498478,0.9174961652568722,10.0,91,2026-09-12 20:17:42.314278+00:00,2026-09-27 13:47:17.297873+00:00
2462e20409b6db57,59,Giesing -> Münchner Freiheit,36.5529533073962,1.1796962974549547,31.263736263736263,91,2026-09-12 20:17:42.314278+00:00,2026-09-27 13:47:17.297873+00:00
257ab3d05333384d,154,Arabellapark Nord -> Westerlandanger,767.6345710974284,9.0,1.0,1,2026-09-26 12:55:14.797243+00:00,2026-09-26 12:55:14.797243+00:00
2598d4d9e8bcb695,154,Johanneskirchner Straße -> Tivolistraße,2.7986642246004356,0.8635909071484801,2.0,91,2026-09-12 20:17:42.314278+00:00,2026-09-27 13:47:17.297873+00:00
25f0882d728941e6,N40,Harras -> Kieferngarten,118.42736805765018,1.9964354636086818,21.054945054945055,91,2026-09-12 20:17:42.314278+00:00,2026-09-27 13:47:17.297873+00:00
26bfb21763afec0f,169,Moosach -> Moosach,357.26959173335496,7.85,1.0,2,2026-09-13 17:54:57.490027+00:00,2026-09-15 14:48:49.620076+00:00
2803dcb41af981f9,160,Waldfriedhof -> Pasing,137.3261597566922,1.5758241758241758,1.0,91,2026-09-12 20:17:42.314278+00:00,2026-09-27 13:47:17.297873+00:00
29ce08e0be0b82f0,59,Giesing -> Ackermannbogen,82.14012136572146,1.5324513984835033,17.065934065934066,91,2026-09-12 20:17:42.314278+00:00,2026-09-27 13:47:17.297873+00:00
2a0cfd772ffda289,50,Johanneskirchen -> Dessauerstraße,51.22815277912105,0.6607164518908605,4.054945054945055,91,2026-09-12 20:17:42.314278+00:00,2026-09-27 13:47:17.297873+00:00
2ad331eae2311231,143,Olympia-Einkaufszentrum -> Hans-Steinkohl-Straße,64.86773707173043,1.482930506162967,5.010989010989011,91,2026-09-12 20:17:42.314278+00:00,2026-09-27 13:47:17.297873+00:00
2bb491b005dcfa09,160,Blutenburg -> Waldfriedhof,78.08838370781953,0.8645971110838803,2.021978021978022,91,2026-09-12 20:17:42.314278+00:00,2026-09-27 13:47:17.297873+00:00
2cce8a5cc1f7fe0f,173,Feldmoching -> Petuelring,121.89387710721161,1.403066621067857,12.054945054945055,91,2026-09-12 20:17:42.314278+00:00,2026-09-27 13:47:17.297873+00:00
300031603b7af56d,N74,Ostbahnhof -> Messestadt Ost,65.55887973138675,1.3598660994171203,11.098901098901099,91,2026-09-12 20:17:42.314278+00:00,2026-09-27 13:47:17.297873+00:00
33c468d9f3e25eed,181,Studentenstadt -> Wallnerstraße,26.76222976540166,1.2758234433882758,2.0,91,2026-09-12 20:17:42.314278+00:00,2026-09-27 13:47:17.297873+00:00
34513bbd9d2c5603,58,Silberhornstraße -> Hauptbahnhof Nord,15.682223720445153,0.7648351648351648,1.0,91,2026-09-12 20:17:42.314278+00:00,2026-09-27 13:47:17.297873+00:00
35640b2b15896b18,68,Hauptbahnhof Nord -> Silberhornstraße,328.11273394296944,3.7424956581149083,14.593406593406593,91,2026-09-12 20:17:42.314278+00:00,2026-09-27 13:47:17.297873+00:00
38734e1c44d0b7ba,193,Trudering -> Von-Erckert-Straße,313.536284940842,1.4006802054499752,3.021978021978022,91,2026-09-12 20:17:42.314278+00:00,2026-09-27 13:47:17.297873+00:00
3c3d9b119467fcba,63,Aidenbachstraße -> Forstenrieder Allee,544.1643169017602,7.2,1.0,3,2026-09-15 14:48:49.620076+00:00,2026-09-17 05:58:25.929323+00:00
3f460c10e9119e23,150,Bremer Straße -> Arabellapark,113.8184258976771,1.3008693851909126,1.010989010989011,91,2026-09-12 20:17:42.314278+00:00,2026-09-27 13:47:17.297873+00:00
4015e0b098e55972,173,Feldmoching -> Petuelring,23.063598944276126,5.566666666666666,1.0,3,2026-09-15 09:57:36.710060+00:00,2026-09-24 22:11:22.208500+00:00
4120636e5b19d298,187,Rümelinstraße -> Michaelibad,66.85237068594063,1.7021978021978024,1.0,91,2026-09-12 20:17:42.314278+00:00,2026-09-27 13:47:17.297873+00:00
41b8a1460c5d0bcb,177,Studentenstadt -> Petuelring,162.71631844355156,2.130823077641348,6.010989010989011,91,2026-09-12 20:17:42.314278+00:00,2026-09-27 13:47:17.297873+00:00
4b3ae5b846bcabbf,132,Forstenrieder Park -> Isartor,59.014807675952504,1.5019126116065353,15.087912087912088,91,2026-09-12 20:17:42.314278+00:00,2026-09-27 13:47:17.297873+00:00
4b66ebabc6b72082,155,Max-Weber-Platz -> Emdenstraße,116.9569950723489,1.803127968796434,8.010989010989011,91,2026-09-12 20:17:42.314278+00:00,2026-09-27 13:47:17.297873+00:00
4c61d0810f73ae26,63,Forstenrieder Allee -> Heimeranplatz,0.44983286528751953,0.13736263736263737,1.0,91,2026-09-12 20:17:42.314278+00:00,2026-09-27 13:47:17.297873+00:00
4cb24b999514c355,N40,Kieferngarten -> Klinikum Großhadern,62.484325683485665,1.281470594444135,20.032967032967033,91,2026-09-12 20:17:42.314278+00:00,2026-09-27 13:47:17.297873+00:00
4d3d7b6579189f7b,164,Zaunerstraße -> Augustenfelder Straße,124.18365717120659,0.4938486676748017,1.021978021978022,91,2026-09-12 20:17:42.314278+00:00,2026-09-27 13:47:17.297873+00:00
4e13985e280a4a34,177,Studentenstadt -> Petuelring,17.08719637058203,0.9218990386998939,3.0,91,2026-09-12 20:17:42.314278+00:00,2026-09-27 13:47:17.297873+00:00
512df950c82af674,135,Solln Bf. Wendeschleife -> Thalkirchen (Tierpark),74.74008972027667,1.176743107139067,3.0,91,2026-09-12 20:17:42.314278+00:00,2026-09-27 13:47:17.297873+00:00
5173c852cda36483,63,Aidenbachstraße -> Rotkreuzplatz,24.08079298340588,0.5,1.0,91,2026-09-12 20:17:42.314278+00:00,2026-09-27 13:47:17.297873+00:00
5231c7e9cbb1ab4d,140,Scheidplatz -> Kieferngarten,85.14764869898963,1.5299063440192533,14.043956043956044,91,2026-09-12 20:17:42.314278+00:00,2026-09-27 13:47:17.297873+00:00
52c08a0eb75a164c,N75,Kiefernstraße -> Ostbahnhof,29.22405499025119,0.8399013416689542,10.010989010989011,91,2026-09-12 20:17:42.314278+00:00,2026-09-27 13:47:17.297873+00:00
5387acc00e9e2646,154,Nordbad -> Westerlandanger,80.17605503472105,1.694490654798374,1.0879120879120878,91,2026-09-12 20:17:42.314278+00:00,2026-09-27 13:47:17.297873+00:00
555777cfdcc7c17c,161,Berduxstraße -> Pasing Bf. Nord,45.36748529047257,0.36064800156135896,2.0,90,2026-09-12 20:17:42.314278+00:00,2026-09-27 13:47:17.297873+00:00
574f200cd7b8364f,N75,Ostbahnhof -> Kiefernstraße,63.80146197907478,1.0094915564647873,6.0,91,2026-09-12 20:17:42.314278+00:00,2026-09-27 13:47:17.297873+00:00
583c9ae9679b3372,155,Emdenstraße -> Ostbahnhof (Post),92.19245469459298,1.7191892198537997,1.021978021978022,91,2026-09-12 20:17:42.314278+00:00,2026-09-27 13:47:17.297873+00:00
5938af447df3a18b,N40,Klinikum Großhadern -> Kieferngarten,71.6624906638417,1.244496164836199,5.142857142857143,91,2026-09-12 20:17:42.314278+00:00,2026-09-27 13:47:17.297873+00:00
5b130ddcbea03f47,168,Nymphenburg Süd -> Wastl-Witt-Straße,746.9458257007581,8.75,1.0,2,2026-09-16 14:46:00.678839+00:00,2026-09-17 05:58:25.929323+00:00
5e9bcdd0f061adb9,59,Ackermannbogen -> Giesing,32.93425851879938,1.150551985942374,21.087912087912088,91,2026-09-12 20:17:42.314278+00:00,2026-09-27 13:47:17.297873+00:00
5fa3e57a9881af65,191,Ostbahnhof Friedenstraße -> Zamilapark,141.6027986635078,2.5000584601079465,2.0,91,2026-09-12 20:17:42.314278+00:00,2026-09-27 13:47:17.297873+00:00
64ef1413d73149aa,52,Tierpark (Alemannenstr.) -> Sendlinger Tor,111.01795694739417,2.4892081132868764,2.021978021978022,91,2026-09-12 20:17:42.314278+00:00,2026-09-27 13:47:17.297873+00:00
673681383112422d,175,Georg-Brauchle-Ring -> Ludwigsfeld (Campingplatz),1.9030747868437634,0.04819216576141532,2.010989010989011,91,2026-09-12 20:17:42.314278+00:00,2026-09-27 13:47:17.297873+00:00
68c992982323415c,58,Ostbahnhof -> Hauptbahnhof Nord,266.7652969835591,7.05,1.0,2,2026-09-14 10:30:06.117693+00:00,2026-09-15 14:48:49.620076+00:00
6c7447ce01b2a7f1,140,Kieferngarten -> Grusonstraße,121.05567681190372,2.046153846153846,1.0,91,2026-09-12 20:17:42.314278+00:00,2026-09-27 13:47:17.297873+00:00
6e5ec3ffdb4c44e1,135,Thalkirchen (Tierpark) -> Solln Bf. Wendeschleife,63.42826665225489,0.7212881507375942,3.0,91,2026-09-12 20:17:42.314278+00:00,2026-09-27 13:47:17.297873+00:00
6eb7ec58ac36a658,186,Messestadt Ost -> Hofbräuallee,13.142031704464033,0.7395835823442695,5.0,91,2026-09-12 20:17:42.314278+00:00,2026-09-27 13:47:17.297873+00:00
6f52b01bfee2891a,53,Rotkreuzplatz -> Aidenbachstraße,85.92013849124349,1.6517312580975194,10.351648351648352,91,2026-09-12 20:17:42.314278+00:00,2026-09-27 13:47:17.297873+00:00
6fbe5b04294c674f,135,Waldfriedhof Solln -> Thalkirchen (Tierpark),374.1353605639271,8.1,1.0,1,2026-09-23 11:17:01.857844+00:00,2026-09-23 11:17:01.857844+00:00
6fd14248b723f2dd,56,Schloss Blutenburg -> Krokusstraße,51.6056389724588,0.9918961535415881,1.021978021978022,91,2026-09-12 20:17:42.314278+00:00,2026-09-27 13:47:17.297873+00:00
700afc478f3febd9,154,Universität -> Nordbad,125.0513948465159,1.7370174008395785,3.043956043956044,91,2026-09-12 20:17:42.314278+00:00,2026-09-27 13:47:17.297873+00:00
706e68366b570d7d,52,Sendlinger Tor -> Tierpark (Alemannenstr.),491.6978100430741,8.1,1.0,1,2026-09-21 10:34:58.187893+00:00,2026-09-21 10:34:58.187893+00:00
70a00d760a094905,175,Ludwigsfeld (Campingplatz) -> Olympia-Einkaufszentrum,707.6861333802153,8.149999999999999,1.0,2,2026-09-17 05:58:25.929323+00:00,2026-09-23 05:45:41.925646+00:00
726e6c57cfc22182,164,Pasinger Heuweg -> Westfriedhof,61.028850186452864,0.7750372018179262,5.032967032967033,91,2026-09-12 20:17:42.314278+00:00,2026-09-27 13:47:17.297873+00:00
7276df32df3b93ab,175,Ludwigsfeld (Campingplatz) -> Georg-Brauchle-Ring,54.174278217447416,1.3507609851544164,2.0,91,2026-09-12 20:17:42.314278+00:00,2026-09-27 13:47:17.297873+00:00
7321d462f10642db,63,Heimeranplatz -> Aidenbachstraße,54.51574804999261,1.4144002747136855,26.78021978021978,91,2026-09-12 20:17:42.314278+00:00,2026-09-27 13:47:17.297873+00:00
76c4d8201eb09464,166,Forst-Kasten-Allee -> Fürstenried West,504.02758451062203,8.1,1.0,1,2026-09-15 09:57:36.710060+00:00,2026-09-15 09:57:36.710060+00:00
7870ec53a64c3cfe,132,Harras -> Forstenrieder Park,77.46230085790448,1.2132250756764864,4.0989010989010985,91,2026-09-12 20:17:42.314278+00:00,2026-09-27 13:47:17.297873+00:00
7cbb33d4cc86cc21,164,Westfriedhof -> Pasinger Heuweg,150.57582184413855,0.9219840347247659,3.021978021978022,91,2026-09-12 20:17:42.314278+00:00,2026-09-27 13:47:17.297873+00:00
7ee5e18cb83cc204,56,Blumenau -> Pasing,187.80791367319333,1.347342695069758,2.0,78,2026-09-12 20:17:42.314278+00:00,2026-09-27 13:47:17.297873+00:00
7f41f1f4a6bbbc70,190,Messestadt Ost -> Ostbahnhof Friedenstraße,41.464247637754646,0.9909136609955749,5.417582417582418,91,2026-09-12 20:17:42.314278+00:00,2026-09-27 13:47:17.297873+00:00
82332455685dcdae,187,Michaelibad -> Arabellapark,100.97183231188973,1.200205191656671,3.010989010989011,91,2026-09-12 20:17:42.314278+00:00,2026-09-27 13:47:17.297873+00:00
8741598723786543,68,Hauptbahnhof Süd -> Hauptbahnhof Nord,82.36047280904324,1.560286976844622,31.89010989010989,91,2026-09-12 20:17:42.314278+00:00,2026-09-27 13:47:17.297873+00:00
87a785f1fb8d62bf,155,Emdenstraße -> Max-Weber-Platz,76.88747000487889,1.2680051437961861,3.0,91,2026-09-12 20:17:42.314278+00:00,2026-09-27 13:47:17.297873+00:00
8af0839efd4c181d,63,Rotkreuzplatz -> Forstenrieder Allee,1.1330234200872253,0.34725274725274724,1.0,91,2026-09-12 20:17:42.314278+00:00,2026-09-27 13:47:17.297873+00:00
8b5367727f885e4a,191,Ostbahnhof Friedenstraße -> Zamilapark,1058.297596438148,8.3,1.0,1,2026-09-25 07:32:02.352254+00:00,2026-09-25 07:32:02.352254+00:00
8fc27b1d36c83106,68,Hauptbahnhof Nord -> Hauptbahnhof Nord,47.199074626490955,1.185403017186286,5.021978021978022,91,2026-09-12 20:17:42.314278+00:00,2026-09-27 13:47:17.297873+00:00
9138a72e9298cc9a,160,Otto-Warburg-Straße -> Maria-Eich-Straße,139.70232205360026,0.5681318681318681,1.0,91,2026-09-12 20:17:42.314278+00:00,2026-09-27 13:47:17.297873+00:00
9d65ea0478f399c2,62,Rotkreuzplatz -> Sendlinger Tor,332.6633813237794,7.125,1.25,4,2026-09-16 14:46:00.678839+00:00,2026-09-24 22:11:22.208500+00:00
9db3cf8abb97941b,N43,Ostbahnhof -> Rotkreuzplatz,64.38074291277593,1.2617668278389542,34.05494505494506,91,2026-09-12 20:17:42.314278+00:00,2026-09-27 13:47:17.297873+00:00
a3c1af24f95f61bc,140,Kieferngarten -> Scheidplatz,82.7863066543555,1.4364280518769383,7.0,91,2026-09-12 20:17:42.314278+00:00,2026-09-27 13:47:17.297873+00:00
a4128c422b164d35,132,Forstenrieder Park -> Marienplatz,106.04681137334778,2.492108752006229,4.362637362637362,91,2026-09-12 20:17:42.314278+00:00,2026-09-27 13:47:17.297873+00:00
a49b8e9ad01e9e5c,62,Ostbahnhof -> Sendlinger Tor,31.76358945666021,1.7106023226668698,1.032967032967033,91,2026-09-12 20:17:42.314278+00:00,2026-09-27 13:47:17.297873+00:00
aa50aef556b6105c,191,Zamilapark -> Ostbahnhof Friedenstraße,64.24824273011725,1.1450445475351914,2.043956043956044,91,2026-09-12 20:17:42.314278+00:00,2026-09-27 13:47:17.297873+00:00
adb4fc528d498c92,53,Münchner Freiheit -> Aidenbachstraße,67.80607797960067,1.5410332733875582,7.010989010989011,91,2026-09-12 20:17:42.314278+00:00,2026-09-27 13:47:17.297873+00:00
aeb31e3260b922f8,56,Fürstenried West -> Schloss Blutenburg,110.25633134309538,1.3288008897623962,3.010989010989011,91,2026-09-12 20:17:42.314278+00:00,2026-09-27 13:47:17.297873+00:00
b087ee92c8a76f5c,168,Wastl-Witt-Straße -> Nymphenburg Süd,118.11995266478658,0.8962053154655987,2.076923076923077,91,2026-09-12 20:17:42.314278+00:00,2026-09-27 13:47:17.297873+00:00
b114087b97362619,164,Augustenfelder Straße -> Westfriedhof,664.8111012119066,8.1,1.0,1,2026-09-25 07:32:02.352254+00:00,2026-09-25 07:32:02.352254+00:00
b3577c7fb5659b68,56,Schloss Blutenburg -> Fürstenried West,514.999604838262,8.04501156711858,1.2222222222222223,9,2026-09-16 09:48:18.028731+00:00,2026-09-26 12:55:14.797243+00:00
bbf40f7b59686572,132,Marienplatz -> Forstenrieder Park,120.44520805498429,1.9225419127345968,8.241758241758241,91,2026-09-12 20:17:42.314278+00:00,2026-09-27 13:47:17.297873+00:00
c03807169d9d8536,166,Forst-Kasten-Allee -> Fürstenried West,165.76713633571507,1.7288983074943174,2.0,91,2026-09-12 20:17:42.314278+00:00,2026-09-27 13:47:17.297873+00:00
c421bc37910b5f52,186,Hofbräuallee -> Messestadt Ost,10.942345274363731,0.5794073229345454,3.0,91,2026-09-12 20:17:42.314278+00:00,2026-09-27 13:47:17.297873+00:00
c5af98ab97cd1219,N78,Blumenau -> Blutenburg,103.24720108509979,1.5004916711747183,10.0,91,2026-09-12 20:17:42.314278+00:00,2026-09-27 13:47:17.297873+00:00
c5eb7bd1dc05bf2e,154,Westerlandanger -> Nordbad,109.3255777987802,6.6,1.0,1,2026-09-17 11:26:15.640776+00:00,2026-09-17 11:26:15.640776+00:00
d054b0e84e69f9d7,177,Studentenstadt -> Petuelring,20.57947991108469,0.4909135004566692,1.065934065934066,91,2026-09-12 20:17:42.314278+00:00,2026-09-27 13:47:17.297873+00:00
d06c1da715ae5fc3,N81,Pasing -> Pasing,79.08171852524148,1.0808263081594203,8.065934065934066,91,2026-09-12 20:17:42.314278+00:00,2026-09-27 13:47:17.297873+00:00
d21a19d5f0071273,N78,Blutenburg -> Blumenau,196.079985673962,1.8855282840825862,7.0,91,2026-09-12 20:17:42.314278+00:00,2026-09-27 13:47:17.297873+00:00
d36d37bb0a73dfb5,N74,Messestadt Ost -> Ostbahnhof,49.05930506926802,1.4684358838677525,4.021978021978022,91,2026-09-12 20:17:42.314278+00:00,2026-09-27 13:47:17.297873+00:00
d3c1a2cce0836dd4,130,Pasing -> Am Harras,81.62894568078426,1.584190270534014,4.054945054945055,91,2026-09-12 20:17:42.314278+00:00,2026-09-27 13:47:17.297873+00:00
d7bb6104b587ba4c,177,Petuelring -> Studentenstadt,130.96810562795346,1.7649208602047455,4.010989010989011,91,2026-09-12 20:17:42.314278+00:00,2026-09-27 13:47:17.297873+00:00
deadc71737de7fde,130,Am Harras -> Pasing,98.74905388834758,1.5980523502180082,13.043956043956044,91,2026-09-12 20:17:42.314278+00:00,2026-09-27 13:47:17.297873+00:00
