route_short_name,direction_label,traffic_delay_seconds,traffic_jam_factor,matched_flow_segments,observation_count,first_observed_at,last_observed_at
130,Am Harras -> Pasing,100.80997509692125,1.605514824421363,13.037383177570094,107,2026-09-12 20:17:42.314278+00:00,2026-10-01 01:57:19.008787+00:00
130,Pasing -> Am Harras,92.55723642518593,1.6550481719016181,4.074766355140187,107,2026-09-12 20:17:42.314278+00:00,2026-10-01 01:57:19.008787+00:00
132,Forstenrieder Park -> Isartor,60.57446194563869,1.5257185483859474,15.08411214953271,107,2026-09-12 20:17:42.314278+00:00,2026-10-01 01:57:19.008787+00:00
132,Forstenrieder Park -> Marienplatz,110.44800300905369,2.560715473938907,4.383177570093458,107,2026-09-12 20:17:42.314278+00:00,2026-10-01 01:57:19.008787+00:00
132,Harras -> Forstenrieder Park,78.57458304877241,1.2348487931623746,4.08411214953271,107,2026-09-12 20:17:42.314278+00:00,2026-10-01 01:57:19.008787+00:00
132,Marienplatz -> Forstenrieder Park,120.16049886786763,1.9242613228133802,8.271028037383177,107,2026-09-12 20:17:42.314278+00:00,2026-10-01 01:57:19.008787+00:00
135,Solln Bf. Wendeschleife -> Thalkirchen (Tierpark),82.06979661832347,1.2498531932031995,3.0,107,2026-09-12 20:17:42.314278+00:00,2026-10-01 01:57:19.008787+00:00
135,Thalkirchen (Tierpark) -> Solln Bf. Wendeschleife,69.18442268728482,0.7725483707302537,3.0,107,2026-09-12 20:17:42.314278+00:00,2026-10-01 01:57:19.008787+00:00
135,Waldfriedhof Solln -> Thalkirchen (Tierpark),374.1353605639271,8.1,1.0,1,2026-09-23 11:17:01.857844+00:00,2026-09-23 11:17:01.857844+00:00
139,Giesing -> Klinikum Harlaching,57.809321702378476,1.0682618375389512,8.018691588785046,107,2026-09-12 20:17:42.314278+00:00,2026-10-01 01:57:19.008787+00:00
139,Klinikum Harlaching -> Messestadt West,61.444769438987194,0.9034354749173629,8.08411214953271,107,2026-09-12 20:17:42.314278+00:00,2026-10-01 01:57:19.008787+00:00
139,Klinikum Harlaching -> Neuperlach Zentrum,69.83473057988357,1.3721623149076771,12.0,107,2026-09-12 20:17:42.314278+00:00,2026-10-01 01:57:19.008787+00:00
139,Messestadt West -> Giesing,35.87121337741031,0.6908297977355289,8.009345794392523,107,2026-09-12 20:17:42.314278+00:00,2026-10-01 01:57:19.008787+00:00
140,Kieferngarten -> Grusonstraße,127.52516360508709,2.1365384615384615,1.0,104,2026-09-12 20:17:42.314278+00:00,2026-10-01 01:57:19.008787+00:00
140,Kieferngarten -> Scheidplatz,83.89037337978039,1.4542299858810752,7.0,107,2026-09-12 20:17:42.314278+00:00,2026-10-01 01:57:19.008787+00:00
140,Scheidplatz -> Kieferngarten,85.54936778884392,1.532126925165068,14.05607476635514,107,2026-09-12 20:17:42.314278+00:00,2026-10-01 01:57:19.008787+00:00
143,Amalienburgstraße -> Freiham Bf. (Süd),60.31084644658286,1.4649275256495993,2.0186915887850465,107,2026-09-12 20:17:42.314278+00:00,2026-10-01 01:57:19.008787+00:00
143,"Freiham, Möbel Höffner -> Olympia-Einkaufszentrum",90.70231445912238,1.3310372882203108,7.018691588785047,107,2026-09-12 20:17:42.314278+00:00,2026-10-01 01:57:19.008787+00:00
143,Olympia-Einkaufszentrum -> Hans-Steinkohl-Straße,66.1773318274989,1.4996246581262995,5.009345794392523,107,2026-09-12 20:17:42.314278+00:00,2026-10-01 01:57:19.008787+00:00
150,Arabellapark Nord -> Bremer Straße,71.0506199914789,1.3166179680120165,16.373831775700936,107,2026-09-12 20:17:42.314278+00:00,2026-10-01 01:57:19.008787+00:00
150,Bremer Straße -> Arabellapark,120.11305598398583,1.3652253649754489,1.0093457943925233,107,2026-09-12 20:17:42.314278+00:00,2026-10-01 01:57:19.008787+00:00
154,Arabellapark Nord -> Westerlandanger,767.6345710974284,9.0,1.0,1,2026-09-26 12:55:14.797243+00:00,2026-09-26 12:55:14.797243+00:00
154,Johanneskirchner Straße -> Tivolistraße,3.672031586679571,1.0248171915563988,2.0,107,2026-09-12 20:17:42.314278+00:00,2026-10-01 01:57:19.008787+00:00
154,Nordbad -> Westerlandanger,78.54225909702727,1.6821905654622404,1.102803738317757,107,2026-09-12 20:17:42.314278+00:00,2026-10-01 01:57:19.008787+00:00
154,Universität -> Nordbad,124.984104702527,1.7371636004306679,3.05607476635514,107,2026-09-12 20:17:42.314278+00:00,2026-10-01 01:57:19.008787+00:00
154,Westerlandanger -> Nordbad,109.3255777987802,6.6,1.0,1,2026-09-17 11:26:15.640776+00:00,2026-09-17 11:26:15.640776+00:00
155,Emdenstraße -> Max-Weber-Platz,77.744862106731,1.2799775497314565,3.0,107,2026-09-12 20:17:42.314278+00:00,2026-10-01 01:57:19.008787+00:00
155,Emdenstraße -> Ostbahnhof (Post),101.97750436069637,1.8088431682868764,1.0186915887850467,107,2026-09-12 20:17:42.314278+00:00,2026-10-01 01:57:19.008787+00:00
155,Max-Weber-Platz -> Emdenstraße,117.6469390410837,1.8054700916638173,8.018691588785046,107,2026-09-12 20:17:42.314278+00:00,2026-10-01 01:57:19.008787+00:00
160,Allach -> Dachstraße,23.034384874110224,0.8296526457152767,1.0186915887850467,107,2026-09-12 20:17:42.314278+00:00,2026-10-01 01:57:19.008787+00:00
160,Allach -> Pasing Bf. Nord,29.775153560742076,0.5979031525189146,4.0,107,2026-09-12 20:17:42.314278+00:00,2026-10-01 01:57:19.008787+00:00
160,Blutenburg -> Waldfriedhof,83.68869369841023,0.9056764800387226,2.02803738317757,107,2026-09-12 20:17:42.314278+00:00,2026-10-01 01:57:19.008787+00:00
160,Dachstraße -> Otto-Warburg-Straße,30.67659746220278,0.43932047974382954,3.0,107,2026-09-12 20:17:42.314278+00:00,2026-10-01 01:57:19.008787+00:00
160,Otto-Warburg-Straße -> Maria-Eich-Straße,135.55492120436864,0.5551401869158878,1.0,107,2026-09-12 20:17:42.314278+00:00,2026-10-01 01:57:19.008787+00:00
160,Waldfriedhof -> Pasing,135.68248772329002,1.5542056074766357,1.0,107,2026-09-12 20:17:42.314278+00:00,2026-10-01 01:57:19.008787+00:00
161,Berduxstraße -> Pasing Bf. Nord,45.00922624268189,0.35831426808782424,2.0,106,2026-09-12 20:17:42.314278+00:00,2026-10-01 01:57:19.008787+00:00
164,Augustenfelder Straße -> Westfriedhof,664.8111012119066,8.1,1.0,1,2026-09-25 07:32:02.352254+00:00,2026-09-25 07:32:02.352254+00:00
164,Pasinger Heuweg -> Westfriedhof,62.39158989413429,0.8095406962517409,5.02803738317757,107,2026-09-12 20:17:42.314278+00:00,2026-10-01 01:57:19.008787+00:00
164,Westfriedhof -> Pasinger Heuweg,158.14237293994202,0.9519558422703827,3.0186915887850465,107,2026-09-12 20:17:42.314278+00:00,2026-10-01 01:57:19.008787+00:00
164,Zaunerstraße -> Augustenfelder Straße,120.42787831737573,0.4751423248449248,1.0186915887850467,107,2026-09-12 20:17:42.314278+00:00,2026-10-01 01:57:19.008787+00:00
166,Forst-Kasten-Allee -> Fürstenried West,334.7280438400839,4.944825684387474,1.5,107,2026-09-12 20:17:42.314278+00:00,2026-10-01 01:57:19.008787+00:00
166,Kemptener Straße -> Forst-Kasten-Allee,831.4229634666758,8.421563261949819,1.25,4,2026-09-13 16:01:42.666139+00:00,2026-09-29 08:16:27.306464+00:00
168,Nymphenburg Süd -> Wastl-Witt-Straße,654.6266836377816,8.200000000000001,1.0,3,2026-09-16 14:46:00.678839+00:00,2026-09-28 06:36:04.251129+00:00
168,Wastl-Witt-Straße -> Nymphenburg Süd,118.15253634495376,0.9037077415375344,2.074766355140187,107,2026-09-12 20:17:42.314278+00:00,2026-10-01 01:57:19.008787+00:00
169,Moosach -> Moosach,357.26959173335496,7.85,1.0,2,2026-09-13 17:54:57.490027+00:00,2026-09-15 14:48:49.620076+00:00
173,Feldmoching -> Petuelring,74.76283833959785,3.5091687434710472,6.52803738317757,107,2026-09-12 20:17:42.314278+00:00,2026-10-01 01:57:19.008787+00:00
173,Petuelring -> Feldmoching,74.92930503712286,1.3243952369436653,6.140186915887851,107,2026-09-12 20:17:42.314278+00:00,2026-10-01 01:57:19.008787+00:00
175,Georg-Brauchle-Ring -> Ludwigsfeld (Campingplatz),1.683012490579202,0.043433353485383755,2.0093457943925235,107,2026-09-12 20:17:42.314278+00:00,2026-10-01 01:57:19.008787+00:00
175,Ludwigsfeld (Campingplatz) -> Georg-Brauchle-Ring,54.587226889923286,1.3425892868496587,2.0,107,2026-09-12 20:17:42.314278+00:00,2026-10-01 01:57:19.008787+00:00
175,Ludwigsfeld (Campingplatz) -> Olympia-Einkaufszentrum,707.6861333802153,8.149999999999999,1.0,2,2026-09-17 05:58:25.929323+00:00,2026-09-23 05:45:41.925646+00:00
175,Olympia-Einkaufszentrum -> Ludwigsfeld (Campingplatz),746.2624011595974,8.002446708530835,1.4285714285714286,7,2026-09-15 14:48:49.620076+00:00,2026-09-29 15:37:33.847141+00:00
177,Petuelring -> Studentenstadt,132.99704201117729,1.7714405319310647,4.009345794392523,107,2026-09-12 20:17:42.314278+00:00,2026-10-01 01:57:19.008787+00:00
177,Studentenstadt -> Petuelring,68.30727459766408,1.2020415843602887,3.367601246105919,107,2026-09-12 20:17:42.314278+00:00,2026-10-01 01:57:19.008787+00:00
181,Fröttmaning Auensiedlung -> Studentenstadt,33.6114666776185,0.6764020780429845,8.177570093457945,107,2026-09-12 20:17:42.314278+00:00,2026-10-01 01:57:19.008787+00:00
181,Studentenstadt -> Wallnerstraße,28.092089149756312,1.3065462946642135,2.0,107,2026-09-12 20:17:42.314278+00:00,2026-10-01 01:57:19.008787+00:00
183,Arabellapark -> Messestadt West,536.412168209956,8.1,1.0,1,2026-09-16 09:48:18.028731+00:00,2026-09-16 09:48:18.028731+00:00
183,Trabrennbahn -> Arabellapark,326.5394282368888,8.1,1.0,1,2026-09-30 13:32:41.123067+00:00,2026-09-30 13:32:41.123067+00:00
186,Hofbräuallee -> Messestadt Ost,10.508142888577284,0.5620400366413297,3.0,107,2026-09-12 20:17:42.314278+00:00,2026-10-01 01:57:19.008787+00:00
186,Messestadt Ost -> Hofbräuallee,13.068967089080575,0.7353920440329023,5.0,107,2026-09-12 20:17:42.314278+00:00,2026-10-01 01:57:19.008787+00:00
187,Michaelibad -> Arabellapark,104.1265531939439,1.2250668297690832,3.0093457943925235,107,2026-09-12 20:17:42.314278+00:00,2026-10-01 01:57:19.008787+00:00
187,Rümelinstraße -> Berg am Laim,26.255119054270157,0.6504672897196261,1.0,107,2026-09-12 20:17:42.314278+00:00,2026-10-01 01:57:19.008787+00:00
187,Rümelinstraße -> Michaelibad,65.96961403185078,1.6514018691588783,1.0,107,2026-09-12 20:17:42.314278+00:00,2026-10-01 01:57:19.008787+00:00
188,Daglfing Bahnhof West -> St. Emmeram,487.3534245815241,8.1,2.0,1,2026-09-15 09:57:36.710060+00:00,2026-09-15 09:57:36.710060+00:00
189,St. Emmeram -> Daglfing Bahnhof West,708.6637405075601,8.2,1.0,4,2026-09-23 05:45:41.925646+00:00,2026-09-30 06:32:23.019535+00:00
190,Messestadt Ost -> Ostbahnhof Friedenstraße,41.9307920446577,0.9931383175987547,5.364485981308412,107,2026-09-12 20:17:42.314278+00:00,2026-10-01 01:57:19.008787+00:00
190,Messestadt Ost -> Riem,228.55566605732287,4.513036156578473,5.5,107,2026-09-12 20:17:42.314278+00:00,2026-10-01 01:57:19.008787+00:00
190,Ostbahnhof Friedenstraße -> Messestadt Ost,25.76085588566498,0.8608184821825735,24.1588785046729,107,2026-09-12 20:17:42.314278+00:00,2026-10-01 01:57:19.008787+00:00
191,Ostbahnhof Friedenstraße -> Zamilapark,607.9252769911877,5.486435586809221,1.5,107,2026-09-12 20:17:42.314278+00:00,2026-10-01 01:57:19.008787+00:00
191,Zamilapark -> Ostbahnhof Friedenstraße,65.38810819586043,1.1501455023593172,2.0373831775700935,107,2026-09-12 20:17:42.314278+00:00,2026-10-01 01:57:19.008787+00:00
193,Trudering -> Von-Erckert-Straße,317.6405224603653,1.4056192752301366,3.0186915887850465,107,2026-09-12 20:17:42.314278+00:00,2026-10-01 01:57:19.008787+00:00
193,Von-Erckert-Straße -> Trudering,275.43828500278164,8.05,1.0,2,2026-09-14 16:55:20.198039+00:00,2026-09-25 13:33:11.456784+00:00
197,Neuperlach Zentrum -> Neuperlach Zentrum,43.86841828868034,0.925839139610179,4.0,107,2026-09-12 20:17:42.314278+00:00,2026-10-01 01:57:19.008787+00:00
198,Klara-Ziegler-Bogen -> Neuperlach Zentrum,15.67999058944343,0.7902768318105652,2.0,107,2026-09-12 20:17:42.314278+00:00,2026-10-01 01:57:19.008787+00:00
50,Dessauerstraße -> Johanneskirchen,81.16063124848979,1.2975980659296,10.05607476635514,107,2026-09-12 20:17:42.314278+00:00,2026-10-01 01:57:19.008787+00:00
50,Frankfurter Ring -> Dessauerstraße,113.46813402719712,1.8818464505415713,7.0,107,2026-09-12 20:17:42.314278+00:00,2026-10-01 01:57:19.008787+00:00
50,Johanneskirchen -> Dessauerstraße,51.664202598987686,0.6772001025713219,4.093457943925234,107,2026-09-12 20:17:42.314278+00:00,2026-10-01 01:57:19.008787+00:00
52,Sendlinger Tor -> Tierpark (Alemannenstr.),491.6978100430741,8.1,1.0,1,2026-09-21 10:34:58.187893+00:00,2026-09-21 10:34:58.187893+00:00
52,Tierpark (Alemannenstr.) -> Sendlinger Tor,106.79407639161056,2.406588716155544,2.0186915887850465,107,2026-09-12 20:17:42.314278+00:00,2026-10-01 01:57:19.008787+00:00
53,Aidenbachstraße -> Münchner Freiheit,67.07265062667038,1.6977748163262243,6.261682242990654,107,2026-09-12 20:17:42.314278+00:00,2026-10-01 01:57:19.008787+00:00
53,Donnersbergerbrücke -> Münchner Freiheit,116.30842082980102,1.7081302178287687,21.289719626168225,107,2026-09-12 20:17:42.314278+00:00,2026-10-01 01:57:19.008787+00:00
53,Münchner Freiheit -> Aidenbachstraße,67.80652565116094,1.5448618060164139,7.018691588785047,107,2026-09-12 20:17:42.314278+00:00,2026-10-01 01:57:19.008787+00:00
53,Rotkreuzplatz -> Aidenbachstraße,89.46994309006266,1.7306737507236072,10.392523364485982,107,2026-09-12 20:17:42.314278+00:00,2026-10-01 01:57:19.008787+00:00
56,Blumenau -> Pasing,185.33327151854618,1.325869347550036,2.0,94,2026-09-12 20:17:42.314278+00:00,2026-10-01 01:57:19.008787+00:00
56,Fürstenried West -> Blumenau,380.8943975246084,7.897511698563335,1.1578947368421053,19,2026-09-14 16:55:20.198039+00:00,2026-09-30 13:32:41.123067+00:00
56,Fürstenried West -> Schloss Blutenburg,107.1540474598511,1.306412205423894,3.0093457943925235,107,2026-09-12 20:17:42.314278+00:00,2026-10-01 01:57:19.008787+00:00
56,Schloss Blutenburg -> Fürstenried West,491.0713126829079,8.036280711111276,1.3076923076923077,13,2026-09-16 09:48:18.028731+00:00,2026-09-30 13:32:41.123067+00:00
56,Schloss Blutenburg -> Krokusstraße,50.313860913059344,0.9809584109559301,1.0186915887850467,107,2026-09-12 20:17:42.314278+00:00,2026-10-01 01:57:19.008787+00:00
58,Hauptbahnhof Nord -> Hauptbahnhof Nord,112.87158364656305,1.8927917797525278,36.66355140186916,107,2026-09-12 20:17:42.314278+00:00,2026-10-01 01:57:19.008787+00:00
58,Ostbahnhof -> Hauptbahnhof Nord,265.99678473468754,7.066666666666666,1.0,3,2026-09-14 10:30:06.117693+00:00,2026-09-28 15:14:55.959161+00:00
58,Silberhornstraße -> Hauptbahnhof Nord,15.072806501042034,0.7822429906542057,1.0,107,2026-09-12 20:17:42.314278+00:00,2026-10-01 01:57:19.008787+00:00
59,Ackermannbogen -> Giesing,37.105180856311705,1.223765725102381,21.14018691588785,107,2026-09-12 20:17:42.314278+00:00,2026-10-01 01:57:19.008787+00:00
59,Giesing -> Ackermannbogen,79.45467134657704,1.4860519037285869,17.05607476635514,107,2026-09-12 20:17:42.314278+00:00,2026-10-01 01:57:19.008787+00:00
59,Giesing -> Münchner Freiheit,40.02981359152917,1.2190864270052837,31.299065420560748,107,2026-09-12 20:17:42.314278+00:00,2026-10-01 01:57:19.008787+00:00
62,Ostbahnhof -> Sendlinger Tor,33.651363897018726,1.760002354948001,1.0373831775700935,107,2026-09-12 20:17:42.314278+00:00,2026-10-01 01:57:19.008787+00:00
62,Rotkreuzplatz -> Ostbahnhof,200.3504318574293,4.026847295182287,1.719626168224299,107,2026-09-12 20:17:42.314278+00:00,2026-10-01 01:57:19.008787+00:00
62,Rotkreuzplatz -> Poccistraße,97.58875181684743,1.8625721028040787,15.0,107,2026-09-12 20:17:42.314278+00:00,2026-10-01 01:57:19.008787+00:00
62,Rotkreuzplatz -> Sendlinger Tor,402.27217369501733,7.258333333333333,1.3333333333333333,6,2026-09-16 14:46:00.678839+00:00,2026-09-29 15:37:33.847141+00:00
62,Sendlinger Tor -> Rotkreuzplatz,116.04434786564401,1.7205154117465025,9.80373831775701,107,2026-09-12 20:17:42.314278+00:00,2026-10-01 01:57:19.008787+00:00
63,Aidenbachstraße -> Forstenrieder Allee,544.1643169017602,7.2,1.0,3,2026-09-15 14:48:49.620076+00:00,2026-09-17 05:58:25.929323+00:00
63,Aidenbachstraße -> Rotkreuzplatz,27.740719368443475,0.5990654205607476,1.0,107,2026-09-12 20:17:42.314278+00:00,2026-10-01 01:57:19.008787+00:00
63,Forstenrieder Allee -> Heimeranplatz,1.777932128863209,0.30934579439252335,1.0,107,2026-09-12 20:17:42.314278+00:00,2026-10-01 01:57:19.008787+00:00
63,Heimeranplatz -> Aidenbachstraße,60.129571174561534,1.4833234737530225,26.794392523364486,107,2026-09-12 20:17:42.314278+00:00,2026-10-01 01:57:19.008787+00:00
63,Rotkreuzplatz -> Forstenrieder Allee,1.3892573980696334,0.44112149532710276,1.0,107,2026-09-12 20:17:42.314278+00:00,2026-10-01 01:57:19.008787+00:00
63,Stäblistraße -> Heimeranplatz,82.32248935075799,1.4705877315439715,6.401869158878505,107,2026-09-12 20:17:42.314278+00:00,2026-10-01 01:57:19.008787+00:00
68,Hauptbahnhof Nord -> Hauptbahnhof Nord,47.894772425994965,1.1874918669210257,5.02803738317757,107,2026-09-12 20:17:42.314278+00:00,2026-10-01 01:57:19.008787+00:00
68,Hauptbahnhof Nord -> Silberhornstraße,344.31466334980246,3.855881895355714,14.682242990654206,107,2026-09-12 20:17:42.314278+00:00,2026-10-01 01:57:19.008787+00:00
68,Hauptbahnhof Süd -> Hauptbahnhof Nord,84.89390136876881,1.5870659836854042,31.91588785046729,107,2026-09-12 20:17:42.314278+00:00,2026-10-01 01:57:19.008787+00:00
N40,Harras -> Kieferngarten,119.62964021982718,2.007417565019095,21.074766355140188,107,2026-09-12 20:17:42.314278+00:00,2026-10-01 01:57:19.008787+00:00
N40,Kieferngarten -> Klinikum Großhadern,63.45319256776331,1.3062696801035718,19.91588785046729,107,2026-09-12 20:17:42.314278+00:00,2026-10-01 01:57:19.008787+00:00
N40,Klinikum Großhadern -> Kieferngarten,75.83449150816934,1.2710837743439158,5.158878504672897,107,2026-09-12 20:17:42.314278+00:00,2026-10-01 01:57:19.008787+00:00
N43,Ostbahnhof -> Rotkreuzplatz,67.85551084620006,1.313615739438964,34.046728971962615,107,2026-09-12 20:17:42.314278+00:00,2026-10-01 01:57:19.008787+00:00
N45,Münchner Freiheit -> Ostbahnhof,114.71294813879226,2.1841950562157035,39.14018691588785,107,2026-09-12 20:17:42.314278+00:00,2026-10-01 01:57:19.008787+00:00
N45,Münchner Freiheit -> Waldperlach (Süd),46.36022414751286,1.274537786962468,18.233644859813083,107,2026-09-12 20:17:42.314278+00:00,2026-10-01 01:57:19.008787+00:00
N45,Waldperlach (Süd) -> Silberhorn-/Ichostraße,52.31813527123536,1.0603668573618714,16.0,107,2026-09-12 20:17:42.314278+00:00,2026-10-01 01:57:19.008787+00:00
N74,Messestadt Ost -> Ostbahnhof,48.18463414661031,1.471189963567532,4.018691588785047,107,2026-09-12 20:17:42.314278+00:00,2026-10-01 01:57:19.008787+00:00
N74,Ostbahnhof -> Messestadt Ost,72.28381322380991,1.4251457761522106,11.130841121495328,107,2026-09-12 20:17:42.314278+00:00,2026-10-01 01:57:19.008787+00:00
N74,Vogelweideplatz -> Ostbahnhof,98.76838199613336,2.0428575488891645,3.0093457943925235,107,2026-09-12 20:17:42.314278+00:00,2026-10-01 01:57:19.008787+00:00
N75,Kiefernstraße -> Ostbahnhof,30.811505717673988,0.8725838896255695,10.009345794392523,107,2026-09-12 20:17:42.314278+00:00,2026-10-01 01:57:19.008787+00:00
N75,Ostbahnhof -> Kiefernstraße,64.03164069327788,1.0060882770486728,6.0,107,2026-09-12 20:17:42.314278+00:00,2026-10-01 01:57:19.008787+00:00
N78,Blumenau -> Blutenburg,104.2143818580395,1.5098596445768582,10.0,107,2026-09-12 20:17:42.314278+00:00,2026-10-01 01:57:19.008787+00:00
N78,Blutenburg -> Blumenau,199.41616440351083,1.8830015839824643,7.0,107,2026-09-12 20:17:42.314278+00:00,2026-10-01 01:57:19.008787+00:00
N80,Pasing -> Pasing,176.7783657363127,1.0915096938022903,13.074766355140186,107,2026-09-12 20:17:42.314278+00:00,2026-10-01 01:57:19.008787+00:00
N81,Pasing -> Pasing,81.96397644913806,1.1139604228371807,8.074766355140186,107,2026-09-12 20:17:42.314278+00:00,2026-10-01 01:57:19.008787+00:00
