route_long_name,route_short_name,agency_id,route_type,route_id,route_color,route_text_color
,100,106,3,12965,,
,100,111,3,7195,,
,100,13,3,19274,,
,100,151,3,12599,,
,100,190,3,20459,,
,100,192,3,10125,,
,100,22,3,14717,,
,100,232,3,67,,
,100,238,3,22250,,
,100,257,3,17063,,
,100,274,3,1956,,
,100,278,3,20509,,
,100,288,3,2534,,
,100,334,3,21977,,
,100,349,3,13815,,
,100,350,3,16534,,
,100,354,3,56,,
,100,378,3,8266,,
,100,384,3,16170,,
,100,41,3,9855,,
,100,58,3,7194,,
,100,62,3,1440,,
,100,80,3,16238,,
,100,91,3,407,,
,100,95,3,16937,,
,130,117,3,17437,,
,130,132,3,9440,,
,130,181,3,11218,,
,130,199,3,508,,
,130,219,3,20907,,
,130,22,3,19340,,
,130,220,3,1898,,
,130,240,3,1368,,
,130,257,3,1256,,
,130,274,3,11739,,
,130,280,3,14987,,
,130,322,3,3380,,
,130,329,3,5208,,
,130,334,3,119,,
,130,344,3,4734,,
,130,350,3,1706,,
,130,354,3,19820,,
,130,370,3,20281,,
,130,384,3,11508,,
,130,58,3,14039,,
,130,78,3,3302,,
,130,80,3,11137,,
,130,82,3,14178,,
,130,95,3,14032,,
,131,117,3,14157,,
,131,130,3,5348,,
,131,132,3,5250,,
,131,140,3,21824,,
,131,181,3,14513,,
,131,199,3,3540,,
,131,214,3,5507,,
,131,218,3,21700,,
,131,219,3,6660,,
,131,220,3,2728,,
,131,238,3,9078,,
,131,251,3,5745,,
,131,257,3,3386,,
,131,274,3,18314,,
,131,280,3,13351,,
,131,314,3,11954,,
,131,322,3,2399,,
,131,327,3,7507,,
,131,335,3,7562,,
,131,344,3,16516,,
,131,368,3,13489,,
,131,373,3,4298,,
,131,374,3,7039,,
,131,384,3,1866,,
,131,78,3,1381,,
,131,80,3,4527,,
,131,82,3,16341,,
,131,95,3,6301,,
,132,101,3,11380,,
,132,180,3,17006,,
,132,181,3,23725,,
,132,214,3,3229,,
,132,218,3,12102,,
,132,219,3,21841,,
,132,238,3,17397,,
,132,251,3,22676,,
,132,257,3,3632,,
,132,260,3,6932,57B006,FFFFFF
,132,280,3,14917,,
,132,299,3,11007,,
,132,327,3,9617,,
,132,329,3,19137,,
,132,335,3,17763,,
,132,344,3,7464,,
,132,352,3,4363,,
,132,370,3,858,,
,132,373,3,17764,,
,132,374,3,18754,,
,132,58,3,18971,,
,132,72,3,23502,,
,132,78,3,22841,,
,132,80,3,13921,,
,132,95,3,14688,,
,133,130,3,15326,,
,133,132,3,2265,,
,133,174,3,8355,,
,133,181,3,18041,,
,133,214,3,15210,,
,133,218,3,10150,,
,133,219,3,21088,,
,133,22,3,5530,,
,133,220,3,2003,,
,133,238,3,401,,
,133,251,3,6505,,
,133,257,3,12457,,
,133,274,3,15728,,
,133,327,3,4551,,
,133,335,3,19138,,
,133,344,3,15967,,
,133,352,3,11109,,
,133,373,3,19080,,
,133,374,3,9530,,
,133,384,3,16957,,
,133,80,3,9042,,
,133,82,3,1697,,
,133,95,3,23263,,
,134,1,3,146,,
,134,117,3,17319,,
,134,132,3,19013,,
,134,181,3,15942,,
,134,199,3,11207,,
,134,218,3,18986,,
,134,22,3,1498,,
,134,220,3,2388,,
,134,238,3,16183,,
,134,251,3,12049,,
,134,257,3,18582,,
,134,280,3,22316,,
,134,335,3,23699,,
,134,344,3,12683,,
,134,356,3,76,,
,134,370,3,1478,,
,134,373,3,3189,,
,134,374,3,17783,,
,134,379,3,5166,,
,134,384,3,2784,,
,134,58,3,503,,
,134,80,3,2788,,
,134,82,3,14665,,
,134,95,3,19863,,
,135,1,3,2876,,
,135,181,3,11831,,
,135,199,3,14776,,
,135,219,3,22090,,
,135,22,3,17300,,
,135,220,3,20535,,
,135,238,3,12622,,
,135,251,3,8497,,
,135,329,3,22633,,
,135,335,3,17866,,
,135,344,3,22292,,
,135,352,3,4476,,
,135,373,3,12565,,
,135,374,3,20102,,
,135,384,3,20460,,
,135,58,3,11824,,
,135,82,3,12200,,
,135,95,3,12871,,
,136,143,3,13084,,
,136,181,3,16582,,
,136,199,3,19373,,
,136,219,3,221,,
,136,22,3,1049,,
,136,220,3,12946,,
,136,238,3,22191,,
,136,251,3,22863,,
,136,257,3,22445,,
,136,274,3,7590,,
,136,280,3,13948,,
,136,335,3,15161,,
,136,344,3,11289,,
,136,352,3,3283,,
,136,370,3,21569,,
,136,374,3,3525,,
,136,384,3,2743,,
,136,58,3,4436,,
,136,80,3,18827,,
,136,82,3,4070,,
,136,95,3,1374,,
,137,219,3,15031,,
,137,22,3,21548,,
,137,220,3,9531,,
,137,238,3,7127,,
,137,251,3,6236,,
,137,335,3,8498,,
,137,344,3,8675,,
,137,370,3,23139,,
,137,374,3,3787,,
,137,384,3,12703,,
,137,82,3,23640,,
,137,95,3,18102,,
,138,132,3,9922,,
,138,181,3,15101,,
,138,219,3,9974,,
,138,220,3,6968,,
,138,238,3,19901,,
,138,251,3,12002,,
,138,274,3,20643,,
,138,335,3,12653,,
,138,344,3,1749,,
,138,352,3,16845,,
,138,370,3,496,,
,138,374,3,9029,,
,138,78,3,3387,,
,138,82,3,2979,,
,138,95,3,11058,,
,139,132,3,20954,,
,139,181,3,21847,,
,139,199,3,11696,,
,139,219,3,21069,,
,139,220,3,1043,,
,139,238,3,3697,,
,139,251,3,14008,,
,139,274,3,21659,,
,139,335,3,5698,,
,139,344,3,11208,,
,139,384,3,13529,,
,139,58,3,13891,,
,139,82,3,22363,,
,139,95,3,23206,,
,140,117,3,3557,,
,140,132,3,8609,,
,140,181,3,16491,,
,140,202,3,18980,,
,140,220,3,22888,,
,140,238,3,7822,,
,140,251,3,15780,,
,140,257,3,11850,,
,140,274,3,23470,,
,140,280,3,19041,,
,140,329,3,10895,,
,140,335,3,15897,,
,140,344,3,4608,,
,140,350,3,17166,,
,140,352,3,9171,,
,140,354,3,8319,,
,140,370,3,8780,,
,140,374,3,21881,,
,140,384,3,4257,,
,140,58,3,15866,,
,140,78,3,10796,,
,140,80,3,18698,,
,140,91,3,6388,,
,140,95,3,3825,,
,141,106,3,16858,,
,141,117,3,10519,,
,141,130,3,14499,,
,141,132,3,16908,,
,141,140,3,12896,,
,141,181,3,7387,,
,141,20,3,10416,73D700,FFFFFF
,141,202,3,15874,,
,141,214,3,23064,,
,141,218,3,18402,,
,141,220,3,22287,,
,141,238,3,10864,,
,141,251,3,17812,,
,141,257,3,15991,,
,141,260,3,18540,54AB26,FFFFFF
,141,272,3,370,,
,141,274,3,17595,,
,141,322,3,11858,,
,141,344,3,23459,,
,141,352,3,2084,,
,141,370,3,7287,,
,141,373,3,13664,,
,141,374,3,15724,,
,141,381,3,34,,
,141,58,3,23376,,
,141,78,3,68,,
,141,91,3,13275,,
,141,95,3,9770,,
,142,101,3,7723,,
,142,132,3,18304,,
,142,181,3,3345,,
,142,202,3,12,,
,142,238,3,1000,,
,142,251,3,5378,,
,142,257,3,17480,,
,142,272,3,20980,,
,142,274,3,18422,,
,142,280,3,20829,,
,142,322,3,20095,,
,142,329,3,19569,,
,142,344,3,4858,,
,142,352,3,22219,,
,142,370,3,22622,,
,142,374,3,7958,,
,142,379,3,20068,,
,142,384,3,348,,
,142,58,3,7057,,
,142,78,3,16416,,
,142,80,3,8361,,
,142,91,3,7759,,
,142,95,3,10543,,
,143,11,3,20247,,
,143,181,3,190,,
,143,202,3,1087,,
,143,214,3,2857,,
,143,218,3,23739,,
,143,220,3,17922,,
,143,238,3,4521,,
,143,240,3,11044,,
,143,251,3,5816,,
,143,257,3,15174,,
,143,274,3,15313,,
,143,314,3,813,,
,143,335,3,19788,,
,143,344,3,4083,,
,143,352,3,11593,,
,143,370,3,246,,
,143,384,3,12654,,
,143,58,3,18650,,
,143,72,3,15467,,
,143,78,3,20059,,
,143,80,3,7060,,
,143,91,3,11059,,
,143,95,3,15441,,
,144,106,3,8378,,
,144,132,3,18091,,
,144,140,3,21566,,
,144,181,3,11759,,
,144,20,3,11088,73D700,FFFFFF
,144,202,3,2694,,
,144,238,3,5309,,
,144,251,3,819,,
,144,280,3,8714,,
,144,335,3,9710,,
,144,344,3,4538,,
,144,370,3,14130,,
,144,374,3,12023,,
,144,58,3,5531,,
,144,78,3,6164,,
,144,80,3,2732,,
,144,95,3,378,,
,145,106,3,14055,,
,145,132,3,1616,,
,145,140,3,20834,,
,145,181,3,10811,,
,145,202,3,7214,,
,145,220,3,12144,,
,145,238,3,16853,,
,145,251,3,1739,,
,145,274,3,14666,,
,145,335,3,13842,,
,145,344,3,11691,,
,145,350,3,2931,,
,145,374,3,1044,,
,145,58,3,9799,,
,145,72,3,18964,,
,145,78,3,12380,,
,145,91,3,10803,,
,145,95,3,19175,,
,150,101,3,19046,,
,150,117,3,1617,,
,150,181,3,5907,,
,150,220,3,7122,,
,150,238,3,17064,,
,150,251,3,8723,,
,150,274,3,8652,,
,150,329,3,4346,,
,150,334,3,17550,,
,150,344,3,5922,,
,150,350,3,19939,,
,150,354,3,14150,,
,150,356,3,8829,,
,150,374,3,2447,,
,150,379,3,534,,
,150,384,3,4404,,
,150,58,3,13515,,
,150,80,3,9242,,
,150,91,3,8247,,
,151,111,3,918,,
,151,132,3,22157,,
,151,181,3,5425,,
,151,199,3,9043,,
,151,214,3,12968,,
,151,218,3,4822,,
,151,220,3,6568,,
,151,238,3,12513,,
,151,251,3,16066,,
,151,257,3,13077,,
,151,274,3,3762,,
,151,322,3,796,,
,151,335,3,1210,,
,151,356,3,19639,,
,151,365,3,22638,,
,151,370,3,8060,,
,151,373,3,10160,,
,151,379,3,1140,,
,151,58,3,402,,
,151,78,3,7560,,
,151,80,3,8144,,
,151,82,3,9541,,
,151,91,3,13906,,
,151,95,3,15162,,
,154,111,3,15657,,
,154,117,3,16470,,
,154,132,3,12676,,
,154,181,3,22035,,
,154,202,3,13215,,
,154,214,3,21733,,
,154,218,3,1037,,
,154,220,3,519,,
,154,238,3,19761,,
,154,257,3,1099,,
,154,274,3,20510,,
,154,322,3,5087,,
,154,334,3,8349,,
,154,335,3,17629,,
,154,352,3,23794,,
,154,356,3,21504,,
,154,370,3,23720,,
,154,379,3,4143,,
,154,384,3,21045,,
,154,58,3,16818,,
,154,78,3,20190,,
,154,82,3,10079,,
,154,91,3,12634,,
,155,111,3,12050,,
,155,117,3,15413,,
,155,132,3,19239,,
,155,181,3,18657,,
,155,202,3,8955,,
,155,220,3,20759,,
,155,238,3,6826,,
,155,257,3,1100,,
,155,260,3,2995,A8CF6B,
,155,274,3,2418,,
,155,335,3,16590,,
,155,370,3,21013,,
,155,379,3,9267,,
,155,384,3,16376,,
,155,58,3,12381,,
,155,78,3,16675,,
,155,91,3,4903,,
,155,95,3,17287,,
,156,111,3,8610,,
,156,132,3,5568,,
,156,181,3,13508,,
,156,220,3,16433,,
,156,238,3,11531,,
,156,251,3,11598,,
,156,257,3,365,,
,156,274,3,7184,,
,156,334,3,15251,,
,156,352,3,8492,,
,156,370,3,6041,,
,156,384,3,20266,,
,156,91,3,1196,,
,156,95,3,19672,,
,157,132,3,15437,,
,157,181,3,22371,,
,157,20,3,23032,73D700,FFFFFF
,157,220,3,2044,,
,157,238,3,14263,,
,157,251,3,2818,,
,157,257,3,18366,,
,157,274,3,1582,,
,157,334,3,5272,,
,157,352,3,3921,,
,157,370,3,12878,,
,157,374,3,5443,,
,157,58,3,2351,,
,157,91,3,10473,,
,160,101,3,13572,,
,160,118,3,14684,,
,160,130,3,18122,,
,160,132,3,12839,,
,160,181,3,3821,,
,160,190,3,21473,,
,160,202,3,22314,,
,160,218,3,5181,,
,160,220,3,7948,,
,160,238,3,16944,,
,160,251,3,1094,,
,160,274,3,10458,,
,160,296,3,18863,,
,160,322,3,8753,2F53A7,FFFFFF
,160,327,3,6409,,
,160,329,3,11949,,
,160,334,3,4267,,
,160,335,3,3926,,
,160,344,3,19714,,
,160,350,3,3549,,
,160,352,3,1328,,
,160,365,3,17867,,
,160,370,3,18503,,
,160,384,3,15734,,
,160,58,3,21848,,
,160,80,3,23817,,
,160,91,3,22827,,
,160,95,3,21212,,
,161,106,3,17040,,
,161,117,3,20143,,
,161,118,3,442,,
,161,174,3,11615,,
,161,181,3,15886,,
,161,202,3,15102,,
,161,220,3,4998,,
,161,238,3,4828,,
,161,251,3,20369,,
,161,299,3,9527,,
,161,322,3,11234,,
,161,335,3,6084,,
,161,344,3,1354,,
,161,352,3,23227,,
,161,354,3,173,,
,161,365,3,18712,,
,161,370,3,19266,,
,161,374,3,165,,
,161,384,3,11943,,
,161,58,3,17353,,
,161,78,3,2040,,
,161,80,3,19203,,
,161,91,3,3238,,
,161,95,3,13520,,
,162,117,3,14418,,
,162,118,3,22815,,
,162,181,3,8152,,
,162,202,3,3024,,
,162,220,3,9951,,
,162,238,3,11861,,
,162,314,3,16750,,
,162,322,3,8187,,
,162,335,3,11328,,
,162,352,3,9729,,
,162,354,3,8676,,
,162,365,3,18828,,
,162,374,3,16716,,
,162,384,3,10797,,
,162,58,3,23616,,
,162,80,3,5369,,
,162,91,3,11854,,
,162,95,3,13990,,
,163,106,3,15767,,
,163,117,3,23549,,
,163,118,3,3150,,
,163,132,3,10930,,
,163,174,3,8327,,
,163,20,3,7489,73D700,FFFFFF
,163,238,3,5437,,
,163,335,3,17994,,
,163,352,3,7029,,
,163,354,3,4273,,
,163,370,3,7989,,
,163,374,3,1169,,
,163,384,3,7744,,
,163,58,3,4482,,
,163,72,3,12613,,
,163,78,3,21834,,
,163,80,3,13954,,
,163,82,3,17927,,
,163,91,3,12623,,
,163,95,3,17110,,
,164,106,3,19521,,
,164,118,3,20298,,
,164,202,3,15480,,
,164,238,3,2610,,
,164,322,3,11497,,
,164,335,3,15348,,
,164,352,3,15762,,
,164,356,3,7133,,
,164,384,3,7739,,
,164,58,3,20536,,
,164,78,3,10851,,
,164,82,3,18315,,
,164,91,3,19067,,
,165,106,3,22790,,
,165,181,3,11965,,
,165,238,3,10326,,
,165,352,3,23255,,
,165,356,3,23001,,
,165,370,3,4929,,
,165,384,3,7228,,
,165,58,3,22760,,
,165,78,3,1056,,
,165,82,3,11075,,
,165,91,3,21584,,
,166,101,3,6487,,
,166,118,3,1289,,
,166,174,3,7677,,
,166,181,3,12924,,
,166,202,3,4960,,
,166,274,3,11381,,
,166,350,3,1309,,
,166,354,3,8872,,
,166,370,3,19166,,
,166,384,3,10499,,
,166,58,3,14800,,
,166,78,3,23326,,
,166,91,3,19695,,
,167,101,3,12483,,
,167,140,3,6090,,
,167,181,3,4358,,
,167,20,3,13973,73D700,FFFFFF
,167,220,3,9862,,
,167,274,3,23721,,
,167,365,3,19400,,
,167,370,3,9726,,
,167,374,3,14099,,
,167,58,3,5050,,
,167,78,3,11026,,
,167,91,3,20461,,
,168,220,3,22987,,
,168,274,3,6587,,
,168,352,3,12542,,
,168,365,3,12412,,
,168,370,3,21831,,
,168,374,3,2019,,
,168,384,3,14440,,
,168,58,3,1804,,
,168,78,3,101,,
,168,82,3,19051,,
,168,91,3,23791,,
,169,202,3,5058,,
,169,220,3,12096,,
,169,274,3,16019,,
,169,350,3,20200,,
,169,365,3,18997,,
,169,370,3,14335,,
,169,374,3,13770,,
,169,384,3,18283,,
,169,58,3,12167,,
,169,73,3,16067,,
,169,78,3,5338,,
,170,117,3,14067,,
,170,190,3,4680,,
,170,20,3,11310,73D700,FFFFFF
,170,202,3,4761,,
,170,210,3,13033,,
,170,22,3,23569,,
,170,220,3,22192,,
,170,238,3,6372,,
,170,274,3,17160,,
,170,344,3,12996,,
,170,350,3,22730,,
,170,352,3,787,,
,170,370,3,6373,,
,170,374,3,20096,,
,170,384,3,10538,,
,170,58,3,5022,,
,170,69,3,21093,,
,170,78,3,6358,,
,170,80,3,3174,,
,170,91,3,8447,,
,171,117,3,19991,,
,171,144,3,17288,,
,171,168,3,9386,,
,171,181,3,11902,,
,171,190,3,852,,
,171,218,3,20285,,
,171,220,3,12003,,
,171,238,3,3035,,
,171,257,3,11438,,
,171,274,3,20996,,
,171,322,3,18112,,
,171,344,3,8660,,
,171,352,3,13483,,
,171,354,3,11130,,
,171,365,3,1805,,
,171,370,3,19125,,
,171,374,3,22896,,
,171,384,3,21227,,
,171,58,3,22519,,
,171,78,3,21891,,
,171,91,3,11764,,
,172,117,3,20884,,
,172,168,3,19132,,
,172,181,3,21758,,
,172,190,3,20578,,
,172,20,3,8158,73D700,FFFFFF
,172,202,3,2657,,
,172,210,3,8379,,
,172,220,3,17486,,
,172,238,3,2121,,
,172,257,3,17804,,
,172,314,3,5077,,
,172,344,3,11478,,
,172,365,3,23024,,
,172,374,3,19116,,
,172,384,3,23041,,
,172,58,3,8374,,
,172,69,3,21021,,
,172,80,3,9746,,
,172,91,3,10356,,
,173,101,3,23124,,
,173,117,3,18198,,
,173,168,3,21329,,
,173,181,3,601,,
,173,190,3,2813,,
,173,20,3,23140,73D700,FFFFFF
,173,202,3,16377,,
,173,210,3,19068,,
,173,238,3,17881,,
,173,257,3,14819,,
,173,314,3,15012,,
,173,344,3,7760,,
,173,352,3,18045,,
,173,365,3,7049,,
,173,370,3,4290,,
,173,374,3,15992,,
,173,58,3,21811,,
,173,78,3,11921,,
,173,80,3,7266,,
,173,91,3,9246,,
,174,130,3,12800,,
,174,168,3,22842,,
,174,190,3,16926,,
,174,202,3,23084,,
,174,218,3,5937,,
,174,220,3,21114,,
,174,238,3,984,,
,174,344,3,9810,,
,174,365,3,18009,,
,174,370,3,8053,,
,174,58,3,3491,,
,174,78,3,12762,,
,174,80,3,5444,,
,174,91,3,2271,,
,175,168,3,7308,,
,175,202,3,11833,,
,175,210,3,10353,,
,175,238,3,9492,,
,175,314,3,3935,,
,175,344,3,11544,,
,175,384,3,17055,,
,175,58,3,16792,,
,175,69,3,20453,,
,175,78,3,2890,,
,175,80,3,1745,,
,175,91,3,18991,,
,175,95,3,3886,,
,176,168,3,2122,,
,176,220,3,11881,,
,176,274,3,14179,,
,176,314,3,4985,,
,176,370,3,7117,,
,176,58,3,23410,,
,176,78,3,18264,,
,176,80,3,13114,,
,176,91,3,5882,,
,176,95,3,8044,,
,177,168,3,7311,,
,177,190,3,21437,,
,177,202,3,16724,,
,177,220,3,9282,,
,177,274,3,11259,,
,177,352,3,1432,,
,177,356,3,13099,,
,177,370,3,5586,,
,177,58,3,18142,,
,177,78,3,21588,,
,177,91,3,18000,,
,177,95,3,16979,,
,178,168,3,15719,,
,178,220,3,15359,,
,178,274,3,11966,,
,178,356,3,4,,
,178,365,3,1222,,
,178,370,3,22593,,
,178,58,3,2378,,
,178,78,3,18901,,
,178,91,3,1410,,
,178,95,3,11740,,
,180,117,3,19143,,
,180,181,3,6617,,
,180,190,3,21525,,
,180,20,3,3275,73D700,FFFFFF
,180,202,3,15040,,
,180,220,3,2972,,
,180,238,3,14853,,
,180,257,3,17827,,
,180,274,3,4704,,
,180,316,3,17032,,
,180,335,3,19656,,
,180,344,3,16172,,
,180,350,3,4930,,
,180,58,3,5762,,
,180,78,3,14946,,
,180,80,3,18807,,
,180,9,3,9283,,
,181,117,3,11605,,
,181,181,3,23588,,
,181,190,3,7494,,
,181,20,3,14107,73D700,FFFFFF
,181,210,3,113,,
,181,220,3,10375,,
,181,257,3,7923,,
,181,274,3,11760,,
,181,316,3,21983,,
,181,335,3,13276,,
,181,352,3,20991,,
,181,373,3,6760,,
,181,374,3,14885,,
,181,384,3,16333,,
,181,58,3,11630,,
,181,78,3,11564,,
,181,80,3,12925,,
,181,9,3,21320,,
,181,95,3,22720,,
,182,117,3,22858,,
,182,181,3,21787,,
,182,190,3,8307,,
,182,20,3,13302,73D700,FFFFFF
,182,202,3,22347,,
,182,210,3,5479,,
,182,238,3,19022,,
,182,257,3,5110,,
,182,274,3,20707,,
,182,316,3,8248,,
,182,335,3,11558,,
,182,352,3,1154,,
,182,374,3,1095,,
,182,58,3,3650,,
,182,78,3,20396,,
,182,91,3,21230,,
,182,95,3,21295,,
,183,181,3,11697,,
,183,20,3,4084,73D700,FFFFFF
,183,202,3,12971,,
,183,210,3,16370,,
,183,220,3,14384,,
,183,238,3,20831,,
,183,257,3,6915,,
,183,274,3,22848,,
,183,335,3,11944,,
,183,352,3,10784,,
,183,370,3,11663,,
,183,374,3,21861,,
,183,58,3,19005,,
,183,78,3,9060,,
,183,80,3,23159,,
,183,91,3,13962,,
,183,95,3,14041,,
,184,117,3,1514,,
,184,181,3,15388,,
,184,202,3,13126,,
,184,220,3,6814,,
,184,238,3,1995,,
,184,316,3,10791,,
,184,352,3,5233,,
,184,370,3,15951,,
,184,374,3,1811,,
,184,384,3,22421,,
,184,58,3,12347,,
,184,78,3,5569,,
,184,91,3,14210,,
,184,95,3,1299,,
,185,117,3,14022,,
,185,181,3,987,,
,185,190,3,11282,,
,185,202,3,16176,,
,185,210,3,22564,,
,185,220,3,3432,,
,185,238,3,18528,,
,185,257,3,93,,
,185,316,3,22149,,
,185,370,3,14753,,
,185,374,3,20527,,
,185,58,3,9006,,
,185,78,3,11219,,
,185,91,3,21750,,
,185,95,3,3175,,
,186,117,3,18534,,
,186,181,3,5646,,
,186,202,3,8520,,
,186,220,3,3223,,
,186,238,3,20837,,
,186,257,3,20540,,
,186,316,3,2596,,
,186,370,3,8603,,
,186,374,3,12391,,
,186,384,3,21296,,
,186,58,3,18235,,
,186,78,3,9652,,
,186,80,3,22507,,
,186,91,3,19223,,
,186,95,3,15295,,
,187,181,3,16626,,
,187,210,3,10255,,
,187,238,3,1267,,
,187,257,3,12145,,
,187,316,3,3689,,
,187,335,3,8249,,
,187,352,3,20167,,
,187,370,3,6272,,
,187,384,3,1421,,
,187,58,3,14082,,
,187,78,3,4681,,
,187,80,3,28,,
,188,132,3,4500,,
,188,181,3,20973,,
,188,220,3,23669,,
,188,316,3,17266,,
,188,335,3,3822,,
,188,370,3,22344,,
,188,384,3,9470,,
,188,58,3,11761,,
,188,78,3,4896,,
,188,8,3,15605,,
,188,80,3,16124,,
,189,168,3,10491,,
,189,181,3,3044,,
,189,220,3,17661,,
,189,316,3,23480,,
,189,335,3,12719,,
,189,350,3,13390,,
,189,370,3,15345,,
,189,58,3,19622,,
,189,78,3,1013,,
,189,8,3,4815,,
,190,101,3,4859,,
,190,132,3,9012,,
,190,180,3,22300,,
,190,202,3,771,,
,190,257,3,102,,
,190,350,3,1338,,
,190,352,3,18028,,
,190,376,3,18092,,
,190,384,3,22117,,
,190,58,3,14255,,
,190,80,3,4800,,
,190,93,3,13914,,
,191,101,3,8287,,
,191,132,3,18940,,
,191,180,3,21382,,
,191,181,3,18504,,
,191,210,3,232,,
,191,220,3,10459,,
,191,238,3,5239,,
,191,257,3,13458,,
,191,327,3,20594,,
,191,352,3,5772,,
,191,370,3,14939,,
,191,384,3,2668,,
,191,58,3,13314,,
,191,78,3,19088,,
,191,80,3,6588,,
,191,91,3,9300,,
,191,93,3,13854,,
,192,101,3,3439,,
,192,180,3,2389,,
,192,181,3,20858,,
,192,202,3,11988,,
,192,210,3,847,,
,192,218,3,17080,,
,192,220,3,16492,,
,192,238,3,11290,,
,192,257,3,14094,,
,192,327,3,7572,,
,192,335,3,6349,,
,192,352,3,2069,,
,192,354,3,14804,,
,192,370,3,12685,,
,192,373,3,3971,,
,192,384,3,16725,,
,192,58,3,4280,,
,192,78,3,17985,,
,192,80,3,675,,
,192,91,3,8017,,
,192,93,3,8521,,
,193,101,3,18186,,
,193,130,3,22905,,
,193,132,3,16165,,
,193,180,3,3623,,
,193,181,3,21780,,
,193,218,3,15258,,
,193,220,3,6859,,
,193,238,3,10072,,
,193,257,3,23536,,
,193,327,3,14245,,
,193,335,3,8801,,
,193,352,3,17889,,
,193,370,3,15274,,
,193,58,3,14295,,
,193,91,3,6427,,
,194,132,3,1441,,
,194,181,3,13002,,
,194,202,3,9969,,
,194,218,3,11982,,
,194,220,3,4234,,
,194,238,3,9888,,
,194,257,3,20580,,
,194,335,3,19657,,
,194,352,3,8356,,
,194,374,3,17236,,
,194,38,3,3036,,
,194,384,3,16950,,
,194,58,3,3681,,
,194,91,3,2765,,
,194,93,3,658,,
,195,101,3,22150,,
,195,130,3,4437,,
,195,180,3,8797,,
,195,181,3,14466,,
,195,214,3,3498,,
,195,218,3,9645,,
,195,219,3,14108,,
,195,220,3,23809,,
,195,238,3,4350,,
,195,257,3,21388,,
,195,335,3,10179,,
,195,352,3,9879,,
,195,384,3,23334,,
,195,58,3,8159,,
,195,78,3,83,,
,195,93,3,3499,,
,196,101,3,21649,,
,196,180,3,9782,,
,196,181,3,16434,,
,196,202,3,10144,,
,196,220,3,22352,,
,196,238,3,6941,,
,196,257,3,6625,,
,196,327,3,18388,,
,196,352,3,19959,,
,196,58,3,5400,,
,196,78,3,19902,,
,196,80,3,15898,,
,196,91,3,6165,,
,196,93,3,14274,,
,197,101,3,11536,,
,197,180,3,9079,,
,197,238,3,19259,,
,197,257,3,19775,,
,197,327,3,10404,,
,197,352,3,211,,
,197,384,3,7665,,
,197,58,3,16264,,
,197,91,3,1345,,
,198,132,3,18323,,
,198,20,3,11147,73D700,FFFFFF
,198,335,3,21493,,
,198,352,3,15259,,
,198,58,3,16226,,
,198,78,3,2259,,
,198,91,3,17689,,
,199,352,3,12947,,
,199,379,3,3929,,
,199,58,3,7623,,
,199,78,3,15763,,
,50,104,3,19381,,
,50,109,3,16349,,
,50,129,3,4159,,
,50,139,3,8448,,
,50,16,3,3366,,
,50,173,3,1496,,
,50,194,3,18412,,
,50,198,3,19994,,
,50,235,3,20053,,
,50,252,3,61,,
,50,257,3,9142,,
,50,267,3,23597,,
,50,275,3,11974,,
,50,277,3,22282,,
,50,280,3,6747,,
,50,303,3,2572,,
,50,335,3,22246,,
,50,349,3,7721,,
,50,35,3,7349,,
,50,354,3,9689,,
,50,356,3,13398,,
,50,361,3,10045,,
,50,369,3,1011,,
,50,39,3,23094,,
,50,41,3,11172,,
,50,46,3,10720,,
,50,58,3,17033,,
,50,61,3,12503,,
,50,78,3,3946,,
,50,95,3,14528,,
,51,132,3,2251,,
,51,16,3,20026,,
,51,173,3,20887,,
,51,194,3,5598,,
,51,197,3,5112,,
,51,198,3,10913,,
,51,232,3,11365,,
,51,235,3,12281,,
,51,250,3,6522,,
,51,257,3,14848,,
,51,260,3,14173,3D3776,FFFFFF
,51,267,3,21756,,
,51,275,3,3495,,
,51,277,3,10258,,
,51,286,3,22392,,
,51,303,3,19976,,
,51,334,3,18177,,
,51,335,3,10329,,
,51,35,3,14200,,
,51,352,3,14344,,
,51,354,3,10636,,
,51,356,3,15442,,
,51,370,3,4582,,
,51,39,3,23378,,
,51,41,3,18073,,
,51,58,3,8587,,
,51,61,3,21610,,
,51,80,3,19015,,
,51,93,3,10845,,
,51,95,3,4095,,
,52,104,3,22952,,
,52,132,3,23743,,
,52,16,3,20854,,
,52,173,3,2176,,
,52,176,3,7823,,
,52,194,3,19095,,
,52,197,3,5545,,
,52,198,3,13647,,
,52,232,3,5594,,
,52,235,3,2302,,
,52,249,3,15082,,
,52,250,3,14302,,
,52,252,3,3829,,
,52,257,3,18018,,
,52,260,3,19182,7A2850,FFFFFF
,52,267,3,2383,,
,52,275,3,7780,,
,52,276,3,14606,,
,52,286,3,18860,,
,52,303,3,21059,,
,52,334,3,21389,,
,52,335,3,8739,,
,52,344,3,11126,,
,52,35,3,3350,,
,52,352,3,8429,,
,52,354,3,12528,,
,52,356,3,1758,,
,52,361,3,18,,
,52,369,3,6543,,
,52,370,3,12151,,
,52,375,3,2284,,
,52,39,3,15590,,
,52,41,3,15681,,
,52,58,3,20042,,
,52,6,3,12773,,
,52,61,3,14896,,
,52,78,3,22026,,
,52,80,3,1901,,
,52,95,3,11475,,
,53,104,3,14470,,
,53,176,3,23385,,
,53,194,3,12787,,
,53,197,3,4770,,
,53,198,3,23524,,
,53,235,3,9932,,
,53,249,3,20012,,
,53,250,3,8851,,
,53,252,3,325,,
,53,257,3,2981,,
,53,263,3,3877,,
,53,267,3,7026,,
,53,275,3,23775,,
,53,286,3,14436,,
,53,303,3,10605,,
,53,334,3,10846,,
,53,35,3,14966,,
,53,352,3,6756,,
,53,354,3,6284,,
,53,356,3,14456,,
,53,358,3,4640,,
,53,361,3,5197,,
,53,369,3,94,,
,53,375,3,15384,,
,53,41,3,13341,,
,53,58,3,10061,,
,53,61,3,17279,,
,53,78,3,2478,,
,53,80,3,16022,,
,53,95,3,13976,,
,54,132,3,13516,,
,54,194,3,20320,,
,54,197,3,22531,,
,54,198,3,16679,,
,54,232,3,19769,,
,54,235,3,1926,,
,54,249,3,17662,,
,54,250,3,3503,,
,54,252,3,14677,,
,54,257,3,7051,,
,54,263,3,582,,
,54,267,3,15322,,
,54,275,3,19691,,
,54,281,3,21944,,
,54,303,3,20941,,
,54,334,3,23038,,
,54,344,3,13658,,
,54,35,3,16490,,
,54,354,3,16254,,
,54,369,3,13876,,
,54,370,3,22516,,
,54,39,3,17072,,
,54,41,3,1138,,
,54,58,3,3660,,
,54,61,3,16742,,
,54,78,3,20009,,
,55,104,3,21360,,
,55,194,3,8966,,
,55,232,3,14471,,
,55,235,3,23789,,
,55,249,3,21047,,
,55,252,3,22483,,
,55,257,3,2490,,
,55,263,3,17820,,
,55,267,3,13852,,
,55,275,3,8165,,
,55,281,3,17026,,
,55,303,3,13183,,
,55,334,3,21798,,
,55,335,3,13482,,
,55,344,3,10823,,
,55,35,3,13901,,
,55,354,3,18049,,
,55,356,3,21595,,
,55,361,3,2213,,
,55,369,3,20010,,
,55,370,3,7814,,
,55,382,3,10606,,
,55,42,3,22636,,
,55,58,3,2943,,
,55,6,3,7993,,
,55,61,3,3201,,
,55,80,3,8642,,
,55,95,3,17615,,
,56,132,3,7994,,
,56,194,3,4141,,
,56,197,3,22908,,
,56,198,3,15236,,
,56,232,3,18061,,
,56,235,3,16463,,
,56,249,3,11594,,
,56,250,3,9859,,
,56,252,3,2011,,
,56,257,3,1766,,
,56,263,3,1877,,
,56,275,3,6716,,
,56,278,3,7944,,
,56,303,3,7959,,
,56,334,3,3240,,
,56,344,3,23330,,
,56,352,3,23190,,
,56,354,3,5490,,
,56,356,3,13140,,
,56,361,3,20984,,
,56,369,3,22660,,
,56,370,3,12515,,
,56,382,3,15627,,
,56,42,3,3374,,
,56,58,3,17799,,
,56,61,3,3120,,
,56,78,3,9226,,
,56,93,3,15013,,
,57,132,3,20538,,
,57,194,3,14791,,
,57,197,3,6131,,
,57,198,3,20806,,
,57,232,3,10076,,
,57,249,3,12246,,
,57,250,3,16549,,
,57,252,3,1252,,
,57,275,3,21042,,
,57,277,3,18098,,
,57,334,3,22005,,
,57,344,3,14661,,
,57,354,3,19144,,
,57,370,3,22691,,
,57,58,3,3585,,
,57,6,3,19285,,
,57,61,3,5932,,
,57,78,3,16989,,
,58,104,3,18547,,
,58,132,3,20619,,
,58,173,3,15280,,
,58,194,3,1641,,
,58,197,3,16077,,
,58,198,3,16498,,
,58,232,3,19218,,
,58,249,3,8951,,
,58,250,3,4361,,
,58,260,3,15508,10A3DD,FFFFFF
,58,267,3,9007,,
,58,276,3,12899,,
,58,344,3,15084,,
,58,35,3,357,,
,58,354,3,7588,,
,58,361,3,2417,,
,58,370,3,18578,,
,58,58,3,13205,,
,58,6,3,3053,,
,58,61,3,18911,,
,58,78,3,2843,,
,59,129,3,16717,,
,59,132,3,9486,,
,59,173,3,7604,,
,59,194,3,17115,,
,59,198,3,22796,,
,59,232,3,1825,,
,59,250,3,5532,,
,59,275,3,5633,,
,59,277,3,12648,,
,59,334,3,19564,,
,59,354,3,2589,,
,59,361,3,14662,,
,59,58,3,18037,,
,59,61,3,14236,,
,59,78,3,13747,,
,59,95,3,4865,,
,60,104,3,10623,,
,60,109,3,433,,
,60,129,3,7885,,
,60,132,3,4344,,
,60,173,3,22379,,
,60,194,3,6532,,
,60,197,3,3628,,
,60,214,3,399,,
,60,218,3,9756,,
,60,249,3,22248,,
,60,252,3,1692,,
,60,257,3,19183,,
,60,260,3,21720,B95A70,FFFFFF
,60,275,3,12775,,
,60,277,3,23612,,
,60,303,3,16767,,
,60,314,3,8569,,
,60,335,3,21647,,
,60,344,3,16482,,
,60,349,3,16953,,
,60,354,3,704,,
,60,356,3,3831,,
,60,361,3,22243,,
,60,369,3,22881,,
,60,382,3,15383,,
,60,58,3,7007,,
,60,61,3,1638,,
,60,78,3,4014,,
,60,95,3,16397,,
,62,109,3,14442,,
,62,111,3,22569,,
,62,118,3,19618,,
,62,129,3,3270,,
,62,132,3,18130,,
,62,139,3,18462,,
,62,16,3,6560,,
,62,173,3,7341,,
,62,176,3,13524,,
,62,186,3,2373,,
,62,194,3,12386,,
,62,198,3,12643,,
,62,249,3,11116,,
,62,252,3,18461,,
,62,257,3,6924,,
,62,267,3,958,,
,62,274,3,9786,,
,62,277,3,16089,,
,62,286,3,2059,,
,62,314,3,11267,,
,62,335,3,5120,,
,62,344,3,14341,,
,62,35,3,17651,,
,62,352,3,15901,,
,62,354,3,3293,,
,62,356,3,9195,,
,62,361,3,21779,,
,62,369,3,23498,,
,62,39,3,1427,,
,62,58,3,12650,,
,62,6,3,8485,,
,62,61,3,21531,,
,62,78,3,9727,,
,62,8,3,18598,,
,62,93,3,10923,,
,62,95,3,22628,,
,63,118,3,19843,,
,63,129,3,11947,,
,63,132,3,2398,,
,63,139,3,12418,,
,63,173,3,18642,,
,63,176,3,7015,,
,63,186,3,16676,,
,63,194,3,21737,,
,63,198,3,18846,,
,63,249,3,5965,,
,63,252,3,10961,,
,63,257,3,12708,,
,63,272,3,5259,,
,63,274,3,3285,,
,63,277,3,6049,,
,63,278,3,10177,,
,63,286,3,11775,,
,63,314,3,15539,,
,63,344,3,4763,,
,63,35,3,11004,,
,63,352,3,6612,,
,63,354,3,7170,,
,63,356,3,4009,,
,63,361,3,13853,,
,63,369,3,16599,,
,63,379,3,14617,,
,63,39,3,8122,,
,63,58,3,15116,,
,63,6,3,17792,,
,63,8,3,13387,,
,63,93,3,13642,,
,63,95,3,6247,,
,64,118,3,17613,,
,64,129,3,9863,,
,64,132,3,5564,,
,64,173,3,2628,,
,64,186,3,2526,,
,64,194,3,701,,
,64,198,3,8710,,
,64,249,3,14801,,
,64,252,3,6770,,
,64,257,3,5740,,
,64,267,3,19955,,
,64,274,3,20356,,
,64,277,3,255,,
,64,286,3,17346,,
,64,332,3,6326,,
,64,344,3,22980,,
,64,35,3,18683,,
,64,354,3,12744,,
,64,356,3,13151,,
,64,361,3,8749,,
,64,379,3,1451,,
,64,39,3,18696,,
,64,78,3,4259,,
,64,8,3,280,,
,64,95,3,15184,,
,68,118,3,14283,,
,68,129,3,3931,,
,68,132,3,2315,,
,68,173,3,17668,,
,68,194,3,9196,,
,68,197,3,2827,,
,68,198,3,10167,,
,68,252,3,11042,,
,68,272,3,11072,,
,68,277,3,17667,,
,68,286,3,6796,,
,68,344,3,11677,,
,68,35,3,15651,,
,68,361,3,13265,,
,68,369,3,21130,,
,68,382,3,22570,,
,68,58,3,20374,,
,68,6,3,1554,,
,68,61,3,5157,,
,68,8,3,7919,,
,69,129,3,18125,,
,69,176,3,6008,,
,69,198,3,10337,,
,69,250,3,14356,,
,69,275,3,5767,,
,69,277,3,362,,
,69,314,3,10345,,
,69,332,3,13252,,
,69,344,3,5150,,
,69,35,3,4149,,
,69,352,3,4150,,
,69,61,3,13739,,
,N40,196,3,7664,,
,N40,257,3,13851,,
,N40,274,3,7404,,
,N40,297,3,4853,,
,N40,384,3,17241,,
,N40,58,3,15555,,
,N40,78,3,126,,
,N41,181,3,1652,,
,N41,22,3,3278,,
,N41,297,3,2082,,
,N41,58,3,6208,,
,N41,78,3,23685,,
,N43,181,3,11811,,
,N43,22,3,339,,
,N43,384,3,8199,,
,N43,58,3,1798,,
,N43,78,3,17788,,
,N44,181,3,14745,,
,N44,20,3,7401,73D700,FFFFFF
,N44,58,3,2790,,
,N44,78,3,20958,,
,N45,181,3,9920,,
,N45,58,3,13920,,
,N72,274,3,22711,,
,N72,58,3,16810,,
,N74,153,3,13454,,
,N74,20,3,16831,73D700,FFFFFF
,N74,214,3,20189,,
,N74,302,3,10744,,
,N74,58,3,12827,,
,N74,78,3,423,,
,N75,20,3,574,73D700,FFFFFF
,N75,302,3,272,,
,N75,58,3,15878,,
,N75,78,3,16091,,
,N76,101,3,18111,,
,N76,20,3,19412,73D700,FFFFFF
,N76,58,3,818,,
,N77,20,3,13824,73D700,FFFFFF
,N77,384,3,19172,,
,N77,58,3,8689,,
,N77,78,3,19548,,
,N78,58,3,13223,,
,N79,20,3,11062,73D700,FFFFFF
,N79,302,3,6167,,
,N79,58,3,9169,,
,N80,299,3,23014,,
,N80,370,3,8555,,
,N80,58,3,16064,,
,N81,111,3,6711,,
,N81,20,3,3049,73D700,FFFFFF
,N81,370,3,5040,,
,N81,384,3,19141,,
,N81,58,3,19247,,
,N82,111,3,23171,,
,N82,370,3,19900,,
,N83,370,3,21930,,
,N84,111,3,2068,,
,N84,20,3,1910,73D700,FFFFFF
,N84,370,3,6866,,
,N84,384,3,19180,,
,N85,370,3,15063,,
,N85,78,3,12782,,
,N86,20,3,623,73D700,FFFFFF
,N87,111,3,11678,,
,N87,78,3,5399,,
,N90,111,3,2276,,
,N90,20,3,17843,73D700,FFFFFF
,N90,78,3,4184,,
,N91,111,3,4802,,
,N91,20,3,23715,73D700,FFFFFF
,N91,384,3,17525,,
,N91,78,3,14007,,
,N92,111,3,12298,,
,N92,78,3,13106,,
,N93,111,3,16439,,
,N93,20,3,1307,73D700,FFFFFF
,N93,78,3,15417,,
,N94,111,3,3335,,
,N94,20,3,20341,73D700,FFFFFF
,N94,384,3,7142,,
,N94,78,3,18889,,
,N95,111,3,3430,,
,N95,20,3,5447,73D700,FFFFFF
,N95,384,3,5391,,
,N96,111,3,17164,,
,N96,384,3,11073,,
,N96,78,3,1911,,
,N97,111,3,3279,,
,N97,384,3,9692,,
,N97,78,3,7915,,
,N98,111,3,5947,,
,N98,78,3,16400,,
,N99,20,3,20235,73D700,FFFFFF
